Dec 12 2024 10:59:09
{"type":8192,"message":"Return type of Ai1wm_Recursive_Newline_Filter::accept() should either be compatible with FilterIterator::accept(): bool, or the #[\\ReturnTypeWillChange] attribute should be used to temporarily suppress the notice","file":"\/home4\/sweetsic\/public_html\/beautygreen\/wp-content\/plugins\/All-In-One-WP-Migration-With-Import-master\/lib\/vendor\/servmask\/filter\/class-ai1wm-recursive-newline-filter.php","line":28}

Dec 12 2024 10:59:11
{"type":8192,"message":"Return type of Ai1wm_Recursive_Newline_Filter::accept() should either be compatible with FilterIterator::accept(): bool, or the #[\\ReturnTypeWillChange] attribute should be used to temporarily suppress the notice","file":"\/home4\/sweetsic\/public_html\/beautygreen\/wp-content\/plugins\/All-In-One-WP-Migration-With-Import-master\/lib\/vendor\/servmask\/filter\/class-ai1wm-recursive-newline-filter.php","line":28}

Dec 12 2024 10:59:13
{"type":8192,"message":"Return type of Ai1wm_Recursive_Newline_Filter::accept() should either be compatible with FilterIterator::accept(): bool, or the #[\\ReturnTypeWillChange] attribute should be used to temporarily suppress the notice","file":"\/home4\/sweetsic\/public_html\/beautygreen\/wp-content\/plugins\/All-In-One-WP-Migration-With-Import-master\/lib\/vendor\/servmask\/filter\/class-ai1wm-recursive-newline-filter.php","line":28}

Dec 12 2024 10:59:14
{"type":8192,"message":"Return type of Ai1wm_Recursive_Newline_Filter::accept() should either be compatible with FilterIterator::accept(): bool, or the #[\\ReturnTypeWillChange] attribute should be used to temporarily suppress the notice","file":"\/home4\/sweetsic\/public_html\/beautygreen\/wp-content\/plugins\/All-In-One-WP-Migration-With-Import-master\/lib\/vendor\/servmask\/filter\/class-ai1wm-recursive-newline-filter.php","line":28}

Dec 12 2024 10:59:16
{"type":8192,"message":"Return type of Ai1wm_Recursive_Newline_Filter::accept() should either be compatible with FilterIterator::accept(): bool, or the #[\\ReturnTypeWillChange] attribute should be used to temporarily suppress the notice","file":"\/home4\/sweetsic\/public_html\/beautygreen\/wp-content\/plugins\/All-In-One-WP-Migration-With-Import-master\/lib\/vendor\/servmask\/filter\/class-ai1wm-recursive-newline-filter.php","line":28}

Dec 12 2024 10:59:17
{"type":8192,"message":"Return type of Ai1wm_Recursive_Newline_Filter::accept() should either be compatible with FilterIterator::accept(): bool, or the #[\\ReturnTypeWillChange] attribute should be used to temporarily suppress the notice","file":"\/home4\/sweetsic\/public_html\/beautygreen\/wp-content\/plugins\/All-In-One-WP-Migration-With-Import-master\/lib\/vendor\/servmask\/filter\/class-ai1wm-recursive-newline-filter.php","line":28}

Dec 12 2024 10:59:18
{"type":8192,"message":"Return type of Ai1wm_Recursive_Newline_Filter::accept() should either be compatible with FilterIterator::accept(): bool, or the #[\\ReturnTypeWillChange] attribute should be used to temporarily suppress the notice","file":"\/home4\/sweetsic\/public_html\/beautygreen\/wp-content\/plugins\/All-In-One-WP-Migration-With-Import-master\/lib\/vendor\/servmask\/filter\/class-ai1wm-recursive-newline-filter.php","line":28}

Dec 12 2024 10:59:20
{"type":8192,"message":"Return type of Ai1wm_Recursive_Newline_Filter::accept() should either be compatible with FilterIterator::accept(): bool, or the #[\\ReturnTypeWillChange] attribute should be used to temporarily suppress the notice","file":"\/home4\/sweetsic\/public_html\/beautygreen\/wp-content\/plugins\/All-In-One-WP-Migration-With-Import-master\/lib\/vendor\/servmask\/filter\/class-ai1wm-recursive-newline-filter.php","line":28}

Dec 12 2024 10:59:22
{"type":8192,"message":"Return type of Ai1wm_Recursive_Newline_Filter::accept() should either be compatible with FilterIterator::accept(): bool, or the #[\\ReturnTypeWillChange] attribute should be used to temporarily suppress the notice","file":"\/home4\/sweetsic\/public_html\/beautygreen\/wp-content\/plugins\/All-In-One-WP-Migration-With-Import-master\/lib\/vendor\/servmask\/filter\/class-ai1wm-recursive-newline-filter.php","line":28}

Dec 12 2024 10:59:24
{"type":8192,"message":"Return type of Ai1wm_Recursive_Newline_Filter::accept() should either be compatible with FilterIterator::accept(): bool, or the #[\\ReturnTypeWillChange] attribute should be used to temporarily suppress the notice","file":"\/home4\/sweetsic\/public_html\/beautygreen\/wp-content\/plugins\/All-In-One-WP-Migration-With-Import-master\/lib\/vendor\/servmask\/filter\/class-ai1wm-recursive-newline-filter.php","line":28}

Dec 12 2024 10:59:25
{"type":8192,"message":"Return type of Ai1wm_Recursive_Newline_Filter::accept() should either be compatible with FilterIterator::accept(): bool, or the #[\\ReturnTypeWillChange] attribute should be used to temporarily suppress the notice","file":"\/home4\/sweetsic\/public_html\/beautygreen\/wp-content\/plugins\/All-In-One-WP-Migration-With-Import-master\/lib\/vendor\/servmask\/filter\/class-ai1wm-recursive-newline-filter.php","line":28}

Dec 12 2024 10:59:27
{"type":8192,"message":"Return type of Ai1wm_Recursive_Newline_Filter::accept() should either be compatible with FilterIterator::accept(): bool, or the #[\\ReturnTypeWillChange] attribute should be used to temporarily suppress the notice","file":"\/home4\/sweetsic\/public_html\/beautygreen\/wp-content\/plugins\/All-In-One-WP-Migration-With-Import-master\/lib\/vendor\/servmask\/filter\/class-ai1wm-recursive-newline-filter.php","line":28}

Dec 12 2024 10:59:29
{"type":8192,"message":"Return type of Ai1wm_Recursive_Newline_Filter::accept() should either be compatible with FilterIterator::accept(): bool, or the #[\\ReturnTypeWillChange] attribute should be used to temporarily suppress the notice","file":"\/home4\/sweetsic\/public_html\/beautygreen\/wp-content\/plugins\/All-In-One-WP-Migration-With-Import-master\/lib\/vendor\/servmask\/filter\/class-ai1wm-recursive-newline-filter.php","line":28}

Dec 12 2024 10:59:30
{"type":8192,"message":"Return type of Ai1wm_Recursive_Newline_Filter::accept() should either be compatible with FilterIterator::accept(): bool, or the #[\\ReturnTypeWillChange] attribute should be used to temporarily suppress the notice","file":"\/home4\/sweetsic\/public_html\/beautygreen\/wp-content\/plugins\/All-In-One-WP-Migration-With-Import-master\/lib\/vendor\/servmask\/filter\/class-ai1wm-recursive-newline-filter.php","line":28}

Dec 12 2024 10:59:32
{"type":8192,"message":"Return type of Ai1wm_Recursive_Newline_Filter::accept() should either be compatible with FilterIterator::accept(): bool, or the #[\\ReturnTypeWillChange] attribute should be used to temporarily suppress the notice","file":"\/home4\/sweetsic\/public_html\/beautygreen\/wp-content\/plugins\/All-In-One-WP-Migration-With-Import-master\/lib\/vendor\/servmask\/filter\/class-ai1wm-recursive-newline-filter.php","line":28}

Dec 12 2024 10:59:34
{"type":8192,"message":"Return type of Ai1wm_Recursive_Newline_Filter::accept() should either be compatible with FilterIterator::accept(): bool, or the #[\\ReturnTypeWillChange] attribute should be used to temporarily suppress the notice","file":"\/home4\/sweetsic\/public_html\/beautygreen\/wp-content\/plugins\/All-In-One-WP-Migration-With-Import-master\/lib\/vendor\/servmask\/filter\/class-ai1wm-recursive-newline-filter.php","line":28}

Dec 12 2024 10:59:36
{"type":8192,"message":"Return type of Ai1wm_Recursive_Newline_Filter::accept() should either be compatible with FilterIterator::accept(): bool, or the #[\\ReturnTypeWillChange] attribute should be used to temporarily suppress the notice","file":"\/home4\/sweetsic\/public_html\/beautygreen\/wp-content\/plugins\/All-In-One-WP-Migration-With-Import-master\/lib\/vendor\/servmask\/filter\/class-ai1wm-recursive-newline-filter.php","line":28}

Dec 12 2024 10:59:37
{"type":8192,"message":"Return type of Ai1wm_Recursive_Newline_Filter::accept() should either be compatible with FilterIterator::accept(): bool, or the #[\\ReturnTypeWillChange] attribute should be used to temporarily suppress the notice","file":"\/home4\/sweetsic\/public_html\/beautygreen\/wp-content\/plugins\/All-In-One-WP-Migration-With-Import-master\/lib\/vendor\/servmask\/filter\/class-ai1wm-recursive-newline-filter.php","line":28}

Dec 12 2024 10:59:39
{"type":8192,"message":"Return type of Ai1wm_Recursive_Newline_Filter::accept() should either be compatible with FilterIterator::accept(): bool, or the #[\\ReturnTypeWillChange] attribute should be used to temporarily suppress the notice","file":"\/home4\/sweetsic\/public_html\/beautygreen\/wp-content\/plugins\/All-In-One-WP-Migration-With-Import-master\/lib\/vendor\/servmask\/filter\/class-ai1wm-recursive-newline-filter.php","line":28}

Dec 12 2024 10:59:40
{"type":8192,"message":"Return type of Ai1wm_Recursive_Newline_Filter::accept() should either be compatible with FilterIterator::accept(): bool, or the #[\\ReturnTypeWillChange] attribute should be used to temporarily suppress the notice","file":"\/home4\/sweetsic\/public_html\/beautygreen\/wp-content\/plugins\/All-In-One-WP-Migration-With-Import-master\/lib\/vendor\/servmask\/filter\/class-ai1wm-recursive-newline-filter.php","line":28}

Dec 12 2024 10:59:42
{"type":8192,"message":"Return type of Ai1wm_Recursive_Newline_Filter::accept() should either be compatible with FilterIterator::accept(): bool, or the #[\\ReturnTypeWillChange] attribute should be used to temporarily suppress the notice","file":"\/home4\/sweetsic\/public_html\/beautygreen\/wp-content\/plugins\/All-In-One-WP-Migration-With-Import-master\/lib\/vendor\/servmask\/filter\/class-ai1wm-recursive-newline-filter.php","line":28}

Dec 12 2024 10:59:43
{"type":8192,"message":"Return type of Ai1wm_Recursive_Newline_Filter::accept() should either be compatible with FilterIterator::accept(): bool, or the #[\\ReturnTypeWillChange] attribute should be used to temporarily suppress the notice","file":"\/home4\/sweetsic\/public_html\/beautygreen\/wp-content\/plugins\/All-In-One-WP-Migration-With-Import-master\/lib\/vendor\/servmask\/filter\/class-ai1wm-recursive-newline-filter.php","line":28}

Dec 12 2024 10:59:45
{"type":8192,"message":"Return type of Ai1wm_Recursive_Newline_Filter::accept() should either be compatible with FilterIterator::accept(): bool, or the #[\\ReturnTypeWillChange] attribute should be used to temporarily suppress the notice","file":"\/home4\/sweetsic\/public_html\/beautygreen\/wp-content\/plugins\/All-In-One-WP-Migration-With-Import-master\/lib\/vendor\/servmask\/filter\/class-ai1wm-recursive-newline-filter.php","line":28}

Dec 12 2024 10:59:46
{"type":8192,"message":"Return type of Ai1wm_Recursive_Newline_Filter::accept() should either be compatible with FilterIterator::accept(): bool, or the #[\\ReturnTypeWillChange] attribute should be used to temporarily suppress the notice","file":"\/home4\/sweetsic\/public_html\/beautygreen\/wp-content\/plugins\/All-In-One-WP-Migration-With-Import-master\/lib\/vendor\/servmask\/filter\/class-ai1wm-recursive-newline-filter.php","line":28}

Dec 12 2024 10:59:47
{"type":8192,"message":"Return type of Ai1wm_Recursive_Newline_Filter::accept() should either be compatible with FilterIterator::accept(): bool, or the #[\\ReturnTypeWillChange] attribute should be used to temporarily suppress the notice","file":"\/home4\/sweetsic\/public_html\/beautygreen\/wp-content\/plugins\/All-In-One-WP-Migration-With-Import-master\/lib\/vendor\/servmask\/filter\/class-ai1wm-recursive-newline-filter.php","line":28}

Dec 12 2024 10:59:49
{"type":8192,"message":"Return type of Ai1wm_Recursive_Newline_Filter::accept() should either be compatible with FilterIterator::accept(): bool, or the #[\\ReturnTypeWillChange] attribute should be used to temporarily suppress the notice","file":"\/home4\/sweetsic\/public_html\/beautygreen\/wp-content\/plugins\/All-In-One-WP-Migration-With-Import-master\/lib\/vendor\/servmask\/filter\/class-ai1wm-recursive-newline-filter.php","line":28}

Dec 12 2024 10:59:51
{"type":8192,"message":"Return type of Ai1wm_Recursive_Newline_Filter::accept() should either be compatible with FilterIterator::accept(): bool, or the #[\\ReturnTypeWillChange] attribute should be used to temporarily suppress the notice","file":"\/home4\/sweetsic\/public_html\/beautygreen\/wp-content\/plugins\/All-In-One-WP-Migration-With-Import-master\/lib\/vendor\/servmask\/filter\/class-ai1wm-recursive-newline-filter.php","line":28}

Dec 12 2024 10:59:53
{"type":8192,"message":"Return type of Ai1wm_Recursive_Newline_Filter::accept() should either be compatible with FilterIterator::accept(): bool, or the #[\\ReturnTypeWillChange] attribute should be used to temporarily suppress the notice","file":"\/home4\/sweetsic\/public_html\/beautygreen\/wp-content\/plugins\/All-In-One-WP-Migration-With-Import-master\/lib\/vendor\/servmask\/filter\/class-ai1wm-recursive-newline-filter.php","line":28}

Dec 12 2024 10:59:55
{"type":8192,"message":"Return type of Ai1wm_Recursive_Newline_Filter::accept() should either be compatible with FilterIterator::accept(): bool, or the #[\\ReturnTypeWillChange] attribute should be used to temporarily suppress the notice","file":"\/home4\/sweetsic\/public_html\/beautygreen\/wp-content\/plugins\/All-In-One-WP-Migration-With-Import-master\/lib\/vendor\/servmask\/filter\/class-ai1wm-recursive-newline-filter.php","line":28}

Dec 12 2024 10:59:56
{"type":8192,"message":"Return type of Ai1wm_Recursive_Newline_Filter::accept() should either be compatible with FilterIterator::accept(): bool, or the #[\\ReturnTypeWillChange] attribute should be used to temporarily suppress the notice","file":"\/home4\/sweetsic\/public_html\/beautygreen\/wp-content\/plugins\/All-In-One-WP-Migration-With-Import-master\/lib\/vendor\/servmask\/filter\/class-ai1wm-recursive-newline-filter.php","line":28}

Dec 12 2024 10:59:58
{"type":8192,"message":"Return type of Ai1wm_Recursive_Newline_Filter::accept() should either be compatible with FilterIterator::accept(): bool, or the #[\\ReturnTypeWillChange] attribute should be used to temporarily suppress the notice","file":"\/home4\/sweetsic\/public_html\/beautygreen\/wp-content\/plugins\/All-In-One-WP-Migration-With-Import-master\/lib\/vendor\/servmask\/filter\/class-ai1wm-recursive-newline-filter.php","line":28}

Dec 12 2024 10:59:59
{"type":8192,"message":"Return type of Ai1wm_Recursive_Newline_Filter::accept() should either be compatible with FilterIterator::accept(): bool, or the #[\\ReturnTypeWillChange] attribute should be used to temporarily suppress the notice","file":"\/home4\/sweetsic\/public_html\/beautygreen\/wp-content\/plugins\/All-In-One-WP-Migration-With-Import-master\/lib\/vendor\/servmask\/filter\/class-ai1wm-recursive-newline-filter.php","line":28}

Dec 12 2024 11:00:01
{"type":8192,"message":"Return type of Ai1wm_Recursive_Newline_Filter::accept() should either be compatible with FilterIterator::accept(): bool, or the #[\\ReturnTypeWillChange] attribute should be used to temporarily suppress the notice","file":"\/home4\/sweetsic\/public_html\/beautygreen\/wp-content\/plugins\/All-In-One-WP-Migration-With-Import-master\/lib\/vendor\/servmask\/filter\/class-ai1wm-recursive-newline-filter.php","line":28}

Dec 12 2024 11:00:03
{"type":8192,"message":"Return type of Ai1wm_Recursive_Newline_Filter::accept() should either be compatible with FilterIterator::accept(): bool, or the #[\\ReturnTypeWillChange] attribute should be used to temporarily suppress the notice","file":"\/home4\/sweetsic\/public_html\/beautygreen\/wp-content\/plugins\/All-In-One-WP-Migration-With-Import-master\/lib\/vendor\/servmask\/filter\/class-ai1wm-recursive-newline-filter.php","line":28}

Dec 12 2024 11:00:05
{"type":8192,"message":"Return type of Ai1wm_Recursive_Newline_Filter::accept() should either be compatible with FilterIterator::accept(): bool, or the #[\\ReturnTypeWillChange] attribute should be used to temporarily suppress the notice","file":"\/home4\/sweetsic\/public_html\/beautygreen\/wp-content\/plugins\/All-In-One-WP-Migration-With-Import-master\/lib\/vendor\/servmask\/filter\/class-ai1wm-recursive-newline-filter.php","line":28}

Dec 12 2024 11:00:37
{"type":8192,"message":"Return type of Ai1wm_Recursive_Newline_Filter::accept() should either be compatible with FilterIterator::accept(): bool, or the #[\\ReturnTypeWillChange] attribute should be used to temporarily suppress the notice","file":"\/home4\/sweetsic\/public_html\/beautygreen\/wp-content\/plugins\/All-In-One-WP-Migration-With-Import-master\/lib\/vendor\/servmask\/filter\/class-ai1wm-recursive-newline-filter.php","line":28}

Dec 12 2024 11:00:40
{"type":8192,"message":"Return type of Ai1wm_Recursive_Newline_Filter::accept() should either be compatible with FilterIterator::accept(): bool, or the #[\\ReturnTypeWillChange] attribute should be used to temporarily suppress the notice","file":"\/home4\/sweetsic\/public_html\/beautygreen\/wp-content\/plugins\/All-In-One-WP-Migration-With-Import-master\/lib\/vendor\/servmask\/filter\/class-ai1wm-recursive-newline-filter.php","line":28}

Dec 12 2024 11:00:42
{"type":8192,"message":"Return type of Ai1wm_Recursive_Newline_Filter::accept() should either be compatible with FilterIterator::accept(): bool, or the #[\\ReturnTypeWillChange] attribute should be used to temporarily suppress the notice","file":"\/home4\/sweetsic\/public_html\/beautygreen\/wp-content\/plugins\/All-In-One-WP-Migration-With-Import-master\/lib\/vendor\/servmask\/filter\/class-ai1wm-recursive-newline-filter.php","line":28}

Dec 12 2024 11:00:44
{"type":8192,"message":"Return type of Ai1wm_Recursive_Newline_Filter::accept() should either be compatible with FilterIterator::accept(): bool, or the #[\\ReturnTypeWillChange] attribute should be used to temporarily suppress the notice","file":"\/home4\/sweetsic\/public_html\/beautygreen\/wp-content\/plugins\/All-In-One-WP-Migration-With-Import-master\/lib\/vendor\/servmask\/filter\/class-ai1wm-recursive-newline-filter.php","line":28}

Dec 12 2024 11:00:45
{"type":8192,"message":"Return type of Ai1wm_Recursive_Newline_Filter::accept() should either be compatible with FilterIterator::accept(): bool, or the #[\\ReturnTypeWillChange] attribute should be used to temporarily suppress the notice","file":"\/home4\/sweetsic\/public_html\/beautygreen\/wp-content\/plugins\/All-In-One-WP-Migration-With-Import-master\/lib\/vendor\/servmask\/filter\/class-ai1wm-recursive-newline-filter.php","line":28}

Dec 12 2024 11:00:47
{"type":8192,"message":"Return type of Ai1wm_Recursive_Newline_Filter::accept() should either be compatible with FilterIterator::accept(): bool, or the #[\\ReturnTypeWillChange] attribute should be used to temporarily suppress the notice","file":"\/home4\/sweetsic\/public_html\/beautygreen\/wp-content\/plugins\/All-In-One-WP-Migration-With-Import-master\/lib\/vendor\/servmask\/filter\/class-ai1wm-recursive-newline-filter.php","line":28}

Dec 12 2024 11:00:48
{"type":8192,"message":"Return type of Ai1wm_Recursive_Newline_Filter::accept() should either be compatible with FilterIterator::accept(): bool, or the #[\\ReturnTypeWillChange] attribute should be used to temporarily suppress the notice","file":"\/home4\/sweetsic\/public_html\/beautygreen\/wp-content\/plugins\/All-In-One-WP-Migration-With-Import-master\/lib\/vendor\/servmask\/filter\/class-ai1wm-recursive-newline-filter.php","line":28}

Dec 12 2024 11:00:50
{"type":8192,"message":"Return type of Ai1wm_Recursive_Newline_Filter::accept() should either be compatible with FilterIterator::accept(): bool, or the #[\\ReturnTypeWillChange] attribute should be used to temporarily suppress the notice","file":"\/home4\/sweetsic\/public_html\/beautygreen\/wp-content\/plugins\/All-In-One-WP-Migration-With-Import-master\/lib\/vendor\/servmask\/filter\/class-ai1wm-recursive-newline-filter.php","line":28}

Dec 12 2024 11:00:51
{"type":8192,"message":"Return type of Ai1wm_Recursive_Newline_Filter::accept() should either be compatible with FilterIterator::accept(): bool, or the #[\\ReturnTypeWillChange] attribute should be used to temporarily suppress the notice","file":"\/home4\/sweetsic\/public_html\/beautygreen\/wp-content\/plugins\/All-In-One-WP-Migration-With-Import-master\/lib\/vendor\/servmask\/filter\/class-ai1wm-recursive-newline-filter.php","line":28}

Dec 12 2024 11:00:53
{"type":8192,"message":"Return type of Ai1wm_Recursive_Newline_Filter::accept() should either be compatible with FilterIterator::accept(): bool, or the #[\\ReturnTypeWillChange] attribute should be used to temporarily suppress the notice","file":"\/home4\/sweetsic\/public_html\/beautygreen\/wp-content\/plugins\/All-In-One-WP-Migration-With-Import-master\/lib\/vendor\/servmask\/filter\/class-ai1wm-recursive-newline-filter.php","line":28}

Dec 12 2024 11:00:55
{"type":8192,"message":"Return type of Ai1wm_Recursive_Newline_Filter::accept() should either be compatible with FilterIterator::accept(): bool, or the #[\\ReturnTypeWillChange] attribute should be used to temporarily suppress the notice","file":"\/home4\/sweetsic\/public_html\/beautygreen\/wp-content\/plugins\/All-In-One-WP-Migration-With-Import-master\/lib\/vendor\/servmask\/filter\/class-ai1wm-recursive-newline-filter.php","line":28}

Dec 12 2024 11:00:57
{"type":8192,"message":"Return type of Ai1wm_Recursive_Newline_Filter::accept() should either be compatible with FilterIterator::accept(): bool, or the #[\\ReturnTypeWillChange] attribute should be used to temporarily suppress the notice","file":"\/home4\/sweetsic\/public_html\/beautygreen\/wp-content\/plugins\/All-In-One-WP-Migration-With-Import-master\/lib\/vendor\/servmask\/filter\/class-ai1wm-recursive-newline-filter.php","line":28}

Dec 12 2024 11:00:59
{"type":8192,"message":"Return type of Ai1wm_Recursive_Newline_Filter::accept() should either be compatible with FilterIterator::accept(): bool, or the #[\\ReturnTypeWillChange] attribute should be used to temporarily suppress the notice","file":"\/home4\/sweetsic\/public_html\/beautygreen\/wp-content\/plugins\/All-In-One-WP-Migration-With-Import-master\/lib\/vendor\/servmask\/filter\/class-ai1wm-recursive-newline-filter.php","line":28}

Dec 12 2024 11:01:00
{"type":8192,"message":"Return type of Ai1wm_Recursive_Newline_Filter::accept() should either be compatible with FilterIterator::accept(): bool, or the #[\\ReturnTypeWillChange] attribute should be used to temporarily suppress the notice","file":"\/home4\/sweetsic\/public_html\/beautygreen\/wp-content\/plugins\/All-In-One-WP-Migration-With-Import-master\/lib\/vendor\/servmask\/filter\/class-ai1wm-recursive-newline-filter.php","line":28}

Dec 12 2024 11:01:01
{"type":8192,"message":"Return type of Ai1wm_Recursive_Newline_Filter::accept() should either be compatible with FilterIterator::accept(): bool, or the #[\\ReturnTypeWillChange] attribute should be used to temporarily suppress the notice","file":"\/home4\/sweetsic\/public_html\/beautygreen\/wp-content\/plugins\/All-In-One-WP-Migration-With-Import-master\/lib\/vendor\/servmask\/filter\/class-ai1wm-recursive-newline-filter.php","line":28}

Dec 12 2024 11:01:01
{"type":8192,"message":"Return type of Ai1wm_Recursive_Newline_Filter::accept() should either be compatible with FilterIterator::accept(): bool, or the #[\\ReturnTypeWillChange] attribute should be used to temporarily suppress the notice","file":"\/home4\/sweetsic\/public_html\/beautygreen\/wp-content\/plugins\/All-In-One-WP-Migration-With-Import-master\/lib\/vendor\/servmask\/filter\/class-ai1wm-recursive-newline-filter.php","line":28}

Dec 12 2024 11:01:02
{"type":8192,"message":"Return type of Ai1wm_Recursive_Newline_Filter::accept() should either be compatible with FilterIterator::accept(): bool, or the #[\\ReturnTypeWillChange] attribute should be used to temporarily suppress the notice","file":"\/home4\/sweetsic\/public_html\/beautygreen\/wp-content\/plugins\/All-In-One-WP-Migration-With-Import-master\/lib\/vendor\/servmask\/filter\/class-ai1wm-recursive-newline-filter.php","line":28}

Dec 12 2024 11:01:08
{"type":8192,"message":"Return type of Ai1wm_Recursive_Newline_Filter::accept() should either be compatible with FilterIterator::accept(): bool, or the #[\\ReturnTypeWillChange] attribute should be used to temporarily suppress the notice","file":"\/home4\/sweetsic\/public_html\/beautygreen\/wp-content\/plugins\/All-In-One-WP-Migration-With-Import-master\/lib\/vendor\/servmask\/filter\/class-ai1wm-recursive-newline-filter.php","line":28}

Dec 12 2024 11:01:08
{"type":8192,"message":"Return type of Ai1wm_Recursive_Newline_Filter::accept() should either be compatible with FilterIterator::accept(): bool, or the #[\\ReturnTypeWillChange] attribute should be used to temporarily suppress the notice","file":"\/home4\/sweetsic\/public_html\/beautygreen\/wp-content\/plugins\/All-In-One-WP-Migration-With-Import-master\/lib\/vendor\/servmask\/filter\/class-ai1wm-recursive-newline-filter.php","line":28}

Dec 12 2024 11:01:14
{"type":8192,"message":"Return type of Ai1wm_Recursive_Newline_Filter::accept() should either be compatible with FilterIterator::accept(): bool, or the #[\\ReturnTypeWillChange] attribute should be used to temporarily suppress the notice","file":"\/home4\/sweetsic\/public_html\/beautygreen\/wp-content\/plugins\/All-In-One-WP-Migration-With-Import-master\/lib\/vendor\/servmask\/filter\/class-ai1wm-recursive-newline-filter.php","line":28}

Dec 12 2024 11:01:15
{"type":8192,"message":"Return type of Ai1wm_Recursive_Newline_Filter::accept() should either be compatible with FilterIterator::accept(): bool, or the #[\\ReturnTypeWillChange] attribute should be used to temporarily suppress the notice","file":"\/home4\/sweetsic\/public_html\/beautygreen\/wp-content\/plugins\/All-In-One-WP-Migration-With-Import-master\/lib\/vendor\/servmask\/filter\/class-ai1wm-recursive-newline-filter.php","line":28}

Dec 12 2024 11:01:15
{"Number":8192,"Message":"rtrim(): Passing null to parameter #1 ($string) of type string is deprecated","File":"\/home4\/sweetsic\/public_html\/beautygreen\/wp-includes\/formatting.php","Line":2819}

Dec 12 2024 11:01:15
{"Number":8192,"Message":"rtrim(): Passing null to parameter #1 ($string) of type string is deprecated","File":"\/home4\/sweetsic\/public_html\/beautygreen\/wp-includes\/formatting.php","Line":2819}

Dec 12 2024 11:01:15
{"Number":8192,"Message":"rtrim(): Passing null to parameter #1 ($string) of type string is deprecated","File":"\/home4\/sweetsic\/public_html\/beautygreen\/wp-includes\/formatting.php","Line":2819}

Dec 12 2024 11:01:15
{"Number":8192,"Message":"rtrim(): Passing null to parameter #1 ($string) of type string is deprecated","File":"\/home4\/sweetsic\/public_html\/beautygreen\/wp-includes\/formatting.php","Line":2819}

Dec 12 2024 11:01:15
{"Number":8192,"Message":"rtrim(): Passing null to parameter #1 ($string) of type string is deprecated","File":"\/home4\/sweetsic\/public_html\/beautygreen\/wp-includes\/formatting.php","Line":2819}

Dec 12 2024 11:01:15
{"Number":8192,"Message":"rtrim(): Passing null to parameter #1 ($string) of type string is deprecated","File":"\/home4\/sweetsic\/public_html\/beautygreen\/wp-includes\/formatting.php","Line":2819}

Dec 12 2024 11:01:15
{"Number":8192,"Message":"rtrim(): Passing null to parameter #1 ($string) of type string is deprecated","File":"\/home4\/sweetsic\/public_html\/beautygreen\/wp-includes\/formatting.php","Line":2819}

Dec 12 2024 11:01:15
{"Number":8192,"Message":"rtrim(): Passing null to parameter #1 ($string) of type string is deprecated","File":"\/home4\/sweetsic\/public_html\/beautygreen\/wp-includes\/formatting.php","Line":2819}

Dec 12 2024 11:01:15
{"Number":8192,"Message":"rtrim(): Passing null to parameter #1 ($string) of type string is deprecated","File":"\/home4\/sweetsic\/public_html\/beautygreen\/wp-includes\/formatting.php","Line":2819}

Dec 12 2024 11:01:15
{"Number":8192,"Message":"rtrim(): Passing null to parameter #1 ($string) of type string is deprecated","File":"\/home4\/sweetsic\/public_html\/beautygreen\/wp-includes\/formatting.php","Line":2819}

Dec 12 2024 11:01:15
{"Number":8192,"Message":"rtrim(): Passing null to parameter #1 ($string) of type string is deprecated","File":"\/home4\/sweetsic\/public_html\/beautygreen\/wp-includes\/formatting.php","Line":2819}

Dec 12 2024 11:01:15
{"Number":8192,"Message":"rtrim(): Passing null to parameter #1 ($string) of type string is deprecated","File":"\/home4\/sweetsic\/public_html\/beautygreen\/wp-includes\/formatting.php","Line":2819}

Dec 12 2024 11:01:15
{"Number":8192,"Message":"rtrim(): Passing null to parameter #1 ($string) of type string is deprecated","File":"\/home4\/sweetsic\/public_html\/beautygreen\/wp-includes\/formatting.php","Line":2819}

Dec 12 2024 11:01:15
{"Number":8192,"Message":"rtrim(): Passing null to parameter #1 ($string) of type string is deprecated","File":"\/home4\/sweetsic\/public_html\/beautygreen\/wp-includes\/formatting.php","Line":2819}

Dec 12 2024 11:01:15
{"Number":8192,"Message":"rtrim(): Passing null to parameter #1 ($string) of type string is deprecated","File":"\/home4\/sweetsic\/public_html\/beautygreen\/wp-includes\/formatting.php","Line":2819}

Dec 12 2024 11:01:15
{"Number":8192,"Message":"rtrim(): Passing null to parameter #1 ($string) of type string is deprecated","File":"\/home4\/sweetsic\/public_html\/beautygreen\/wp-includes\/formatting.php","Line":2819}

Dec 12 2024 11:01:15
{"Number":8192,"Message":"rtrim(): Passing null to parameter #1 ($string) of type string is deprecated","File":"\/home4\/sweetsic\/public_html\/beautygreen\/wp-includes\/formatting.php","Line":2819}

Dec 12 2024 11:01:15
{"Number":8192,"Message":"rtrim(): Passing null to parameter #1 ($string) of type string is deprecated","File":"\/home4\/sweetsic\/public_html\/beautygreen\/wp-includes\/formatting.php","Line":2819}

Dec 12 2024 11:01:15
{"Number":8192,"Message":"rtrim(): Passing null to parameter #1 ($string) of type string is deprecated","File":"\/home4\/sweetsic\/public_html\/beautygreen\/wp-includes\/formatting.php","Line":2819}

Dec 12 2024 11:01:15
{"Number":8192,"Message":"rtrim(): Passing null to parameter #1 ($string) of type string is deprecated","File":"\/home4\/sweetsic\/public_html\/beautygreen\/wp-includes\/formatting.php","Line":2819}

Dec 12 2024 11:01:15
{"Number":8192,"Message":"rtrim(): Passing null to parameter #1 ($string) of type string is deprecated","File":"\/home4\/sweetsic\/public_html\/beautygreen\/wp-includes\/formatting.php","Line":2819}

Dec 12 2024 11:01:15
{"Number":8192,"Message":"rtrim(): Passing null to parameter #1 ($string) of type string is deprecated","File":"\/home4\/sweetsic\/public_html\/beautygreen\/wp-includes\/formatting.php","Line":2819}

Dec 12 2024 11:01:15
{"Number":8192,"Message":"rtrim(): Passing null to parameter #1 ($string) of type string is deprecated","File":"\/home4\/sweetsic\/public_html\/beautygreen\/wp-includes\/formatting.php","Line":2819}

Dec 12 2024 11:01:15
{"Number":8192,"Message":"rtrim(): Passing null to parameter #1 ($string) of type string is deprecated","File":"\/home4\/sweetsic\/public_html\/beautygreen\/wp-includes\/formatting.php","Line":2819}

Dec 12 2024 11:01:15
{"Number":8192,"Message":"rtrim(): Passing null to parameter #1 ($string) of type string is deprecated","File":"\/home4\/sweetsic\/public_html\/beautygreen\/wp-includes\/formatting.php","Line":2819}

Dec 12 2024 11:01:15
{"Number":8192,"Message":"rtrim(): Passing null to parameter #1 ($string) of type string is deprecated","File":"\/home4\/sweetsic\/public_html\/beautygreen\/wp-includes\/formatting.php","Line":2819}

Dec 12 2024 11:01:15
{"Number":8192,"Message":"rtrim(): Passing null to parameter #1 ($string) of type string is deprecated","File":"\/home4\/sweetsic\/public_html\/beautygreen\/wp-includes\/formatting.php","Line":2819}

Dec 12 2024 11:01:15
{"Number":8192,"Message":"rtrim(): Passing null to parameter #1 ($string) of type string is deprecated","File":"\/home4\/sweetsic\/public_html\/beautygreen\/wp-includes\/formatting.php","Line":2819}

Dec 12 2024 11:01:15
{"Number":8192,"Message":"rtrim(): Passing null to parameter #1 ($string) of type string is deprecated","File":"\/home4\/sweetsic\/public_html\/beautygreen\/wp-includes\/formatting.php","Line":2819}

Dec 12 2024 11:01:15
{"Number":8192,"Message":"rtrim(): Passing null to parameter #1 ($string) of type string is deprecated","File":"\/home4\/sweetsic\/public_html\/beautygreen\/wp-includes\/formatting.php","Line":2819}

Dec 12 2024 11:01:15
{"Number":8192,"Message":"rtrim(): Passing null to parameter #1 ($string) of type string is deprecated","File":"\/home4\/sweetsic\/public_html\/beautygreen\/wp-includes\/formatting.php","Line":2819}

Dec 12 2024 11:01:15
{"Number":8192,"Message":"rtrim(): Passing null to parameter #1 ($string) of type string is deprecated","File":"\/home4\/sweetsic\/public_html\/beautygreen\/wp-includes\/formatting.php","Line":2819}

Dec 12 2024 11:01:15
{"Number":8192,"Message":"rtrim(): Passing null to parameter #1 ($string) of type string is deprecated","File":"\/home4\/sweetsic\/public_html\/beautygreen\/wp-includes\/formatting.php","Line":2819}

Dec 12 2024 11:01:15
{"Number":8192,"Message":"rtrim(): Passing null to parameter #1 ($string) of type string is deprecated","File":"\/home4\/sweetsic\/public_html\/beautygreen\/wp-includes\/formatting.php","Line":2819}

Dec 12 2024 11:01:15
{"Number":8192,"Message":"rtrim(): Passing null to parameter #1 ($string) of type string is deprecated","File":"\/home4\/sweetsic\/public_html\/beautygreen\/wp-includes\/formatting.php","Line":2819}

Dec 12 2024 11:01:15
{"Number":8192,"Message":"rtrim(): Passing null to parameter #1 ($string) of type string is deprecated","File":"\/home4\/sweetsic\/public_html\/beautygreen\/wp-includes\/formatting.php","Line":2819}

Dec 12 2024 11:01:15
{"Number":8192,"Message":"Creation of dynamic property Ai1wm_Database_Mysqli::$old_replace_raw_values is deprecated","File":"\/home4\/sweetsic\/public_html\/beautygreen\/wp-content\/plugins\/All-In-One-WP-Migration-With-Import-master\/lib\/vendor\/servmask\/database\/class-ai1wm-database.php","Line":300}

Dec 12 2024 11:01:15
{"Number":8192,"Message":"Creation of dynamic property Ai1wm_Database_Mysqli::$new_replace_raw_values is deprecated","File":"\/home4\/sweetsic\/public_html\/beautygreen\/wp-content\/plugins\/All-In-One-WP-Migration-With-Import-master\/lib\/vendor\/servmask\/database\/class-ai1wm-database.php","Line":321}

Dec 12 2024 11:01:23
{"type":8192,"message":"Return type of Ai1wm_Recursive_Newline_Filter::accept() should either be compatible with FilterIterator::accept(): bool, or the #[\\ReturnTypeWillChange] attribute should be used to temporarily suppress the notice","file":"\/home4\/sweetsic\/public_html\/beautygreen\/wp-content\/plugins\/All-In-One-WP-Migration-With-Import-master\/lib\/vendor\/servmask\/filter\/class-ai1wm-recursive-newline-filter.php","line":28}

Dec 12 2024 11:01:24
{"type":8192,"message":"Return type of Ai1wm_Recursive_Newline_Filter::accept() should either be compatible with FilterIterator::accept(): bool, or the #[\\ReturnTypeWillChange] attribute should be used to temporarily suppress the notice","file":"\/home4\/sweetsic\/public_html\/beautygreen\/wp-content\/plugins\/All-In-One-WP-Migration-With-Import-master\/lib\/vendor\/servmask\/filter\/class-ai1wm-recursive-newline-filter.php","line":28}

Dec 12 2024 11:01:27
{"type":8192,"message":"Using ${var} in strings is deprecated, use {$var} instead","file":"\/home4\/sweetsic\/public_html\/beautygreen\/wp-content\/themes\/flatsome\/inc\/builder\/core\/server\/helpers\/breakpoints.php","line":267}

Dec 12 2024 11:50:03
{"type":8192,"message":"Creation of dynamic property Flatsome_Envato::$admin is deprecated","file":"\/home4\/sweetsic\/public_html\/beautygreen\/wp-content\/themes\/flatsome\/inc\/classes\/class-flatsome-envato.php","line":46}

Dec 12 2024 11:50:33
{"Number":8192,"Message":"explode(): Passing null to parameter #2 ($string) of type string is deprecated","File":"\/home4\/sweetsic\/public_html\/beautygreen\/wp-content\/plugins\/All-In-One-WP-Migration-With-Import-master\/functions.php","Line":338}

Dec 12 2024 11:50:33
{"type":8192,"message":"Creation of dynamic property Options_Machine::$Defaults is deprecated","file":"\/home4\/sweetsic\/public_html\/beautygreen\/wp-content\/themes\/flatsome\/inc\/admin\/advanced\/classes\/class.options_machine.php","line":23}

Dec 12 2024 11:50:34
{"type":8192,"message":"Creation of dynamic property Options_Machine::$Defaults is deprecated","file":"\/home4\/sweetsic\/public_html\/beautygreen\/wp-content\/themes\/flatsome\/inc\/admin\/advanced\/classes\/class.options_machine.php","line":23}

Dec 12 2024 11:50:35
{"type":8192,"message":"Creation of dynamic property Options_Machine::$Defaults is deprecated","file":"\/home4\/sweetsic\/public_html\/beautygreen\/wp-content\/themes\/flatsome\/inc\/admin\/advanced\/classes\/class.options_machine.php","line":23}

Dec 12 2024 11:50:35
{"type":8192,"message":"Creation of dynamic property Options_Machine::$Defaults is deprecated","file":"\/home4\/sweetsic\/public_html\/beautygreen\/wp-content\/themes\/flatsome\/inc\/admin\/advanced\/classes\/class.options_machine.php","line":23}

Dec 12 2024 11:50:37
{"type":8192,"message":"Creation of dynamic property Options_Machine::$Defaults is deprecated","file":"\/home4\/sweetsic\/public_html\/beautygreen\/wp-content\/themes\/flatsome\/inc\/admin\/advanced\/classes\/class.options_machine.php","line":23}

Dec 12 2024 11:50:48
{"type":8192,"message":"Creation of dynamic property Options_Machine::$Defaults is deprecated","file":"\/home4\/sweetsic\/public_html\/beautygreen\/wp-content\/themes\/flatsome\/inc\/admin\/advanced\/classes\/class.options_machine.php","line":23}

Dec 12 2024 11:50:58
{"type":8192,"message":"Creation of dynamic property Options_Machine::$Defaults is deprecated","file":"\/home4\/sweetsic\/public_html\/beautygreen\/wp-content\/themes\/flatsome\/inc\/admin\/advanced\/classes\/class.options_machine.php","line":23}

Dec 12 2024 11:50:59
{"type":8192,"message":"Creation of dynamic property Options_Machine::$Defaults is deprecated","file":"\/home4\/sweetsic\/public_html\/beautygreen\/wp-content\/themes\/flatsome\/inc\/admin\/advanced\/classes\/class.options_machine.php","line":23}

Dec 12 2024 11:51:00
{"type":8192,"message":"Creation of dynamic property Options_Machine::$Defaults is deprecated","file":"\/home4\/sweetsic\/public_html\/beautygreen\/wp-content\/themes\/flatsome\/inc\/admin\/advanced\/classes\/class.options_machine.php","line":23}

Dec 12 2024 11:51:01
{"type":8192,"message":"Creation of dynamic property Options_Machine::$Defaults is deprecated","file":"\/home4\/sweetsic\/public_html\/beautygreen\/wp-content\/themes\/flatsome\/inc\/admin\/advanced\/classes\/class.options_machine.php","line":23}

Dec 12 2024 11:51:02
{"type":8192,"message":"Creation of dynamic property Options_Machine::$Defaults is deprecated","file":"\/home4\/sweetsic\/public_html\/beautygreen\/wp-content\/themes\/flatsome\/inc\/admin\/advanced\/classes\/class.options_machine.php","line":23}

Dec 12 2024 11:51:03
{"type":8192,"message":"Creation of dynamic property Options_Machine::$Defaults is deprecated","file":"\/home4\/sweetsic\/public_html\/beautygreen\/wp-content\/themes\/flatsome\/inc\/admin\/advanced\/classes\/class.options_machine.php","line":23}

Dec 13 2024 07:19:23
{"Number":8192,"Message":"explode(): Passing null to parameter #2 ($string) of type string is deprecated","File":"\/home4\/sweetsic\/public_html\/beautygreen\/wp-content\/plugins\/All-In-One-WP-Migration-With-Import-master\/functions.php","Line":338}

Dec 13 2024 07:19:23
{"type":8192,"message":"Creation of dynamic property Options_Machine::$Defaults is deprecated","file":"\/home4\/sweetsic\/public_html\/beautygreen\/wp-content\/themes\/flatsome\/inc\/admin\/advanced\/classes\/class.options_machine.php","line":23}

Dec 13 2024 07:19:24
{"type":8192,"message":"Creation of dynamic property Options_Machine::$Defaults is deprecated","file":"\/home4\/sweetsic\/public_html\/beautygreen\/wp-content\/themes\/flatsome\/inc\/admin\/advanced\/classes\/class.options_machine.php","line":23}

Dec 13 2024 07:19:24
{"type":8192,"message":"Creation of dynamic property Options_Machine::$Defaults is deprecated","file":"\/home4\/sweetsic\/public_html\/beautygreen\/wp-content\/themes\/flatsome\/inc\/admin\/advanced\/classes\/class.options_machine.php","line":23}

Dec 13 2024 07:19:25
{"type":8192,"message":"Creation of dynamic property Options_Machine::$Defaults is deprecated","file":"\/home4\/sweetsic\/public_html\/beautygreen\/wp-content\/themes\/flatsome\/inc\/admin\/advanced\/classes\/class.options_machine.php","line":23}

Dec 13 2024 07:19:26
{"type":8192,"message":"Creation of dynamic property Options_Machine::$Defaults is deprecated","file":"\/home4\/sweetsic\/public_html\/beautygreen\/wp-content\/themes\/flatsome\/inc\/admin\/advanced\/classes\/class.options_machine.php","line":23}

Dec 13 2024 07:19:37
{"type":8192,"message":"Creation of dynamic property Options_Machine::$Defaults is deprecated","file":"\/home4\/sweetsic\/public_html\/beautygreen\/wp-content\/themes\/flatsome\/inc\/admin\/advanced\/classes\/class.options_machine.php","line":23}

Dec 13 2024 07:19:42
{"type":8192,"message":"Creation of dynamic property Options_Machine::$Defaults is deprecated","file":"\/home4\/sweetsic\/public_html\/beautygreen\/wp-content\/themes\/flatsome\/inc\/admin\/advanced\/classes\/class.options_machine.php","line":23}

Dec 13 2024 07:19:43
{"type":8192,"message":"Creation of dynamic property Options_Machine::$Defaults is deprecated","file":"\/home4\/sweetsic\/public_html\/beautygreen\/wp-content\/themes\/flatsome\/inc\/admin\/advanced\/classes\/class.options_machine.php","line":23}

Dec 13 2024 07:19:44
{"type":8192,"message":"Creation of dynamic property Options_Machine::$Defaults is deprecated","file":"\/home4\/sweetsic\/public_html\/beautygreen\/wp-content\/themes\/flatsome\/inc\/admin\/advanced\/classes\/class.options_machine.php","line":23}

Dec 13 2024 07:19:45
{"type":8192,"message":"Creation of dynamic property Options_Machine::$Defaults is deprecated","file":"\/home4\/sweetsic\/public_html\/beautygreen\/wp-content\/themes\/flatsome\/inc\/admin\/advanced\/classes\/class.options_machine.php","line":23}

Dec 13 2024 07:19:45
{"type":8192,"message":"Creation of dynamic property Options_Machine::$Defaults is deprecated","file":"\/home4\/sweetsic\/public_html\/beautygreen\/wp-content\/themes\/flatsome\/inc\/admin\/advanced\/classes\/class.options_machine.php","line":23}

Dec 13 2024 07:19:46
{"type":8192,"message":"Creation of dynamic property Options_Machine::$Defaults is deprecated","file":"\/home4\/sweetsic\/public_html\/beautygreen\/wp-content\/themes\/flatsome\/inc\/admin\/advanced\/classes\/class.options_machine.php","line":23}

Dec 14 2024 01:46:46
{"Number":8192,"Message":"explode(): Passing null to parameter #2 ($string) of type string is deprecated","File":"\/home4\/sweetsic\/public_html\/beautygreen\/wp-content\/plugins\/All-In-One-WP-Migration-With-Import-master\/functions.php","Line":338}

Dec 14 2024 01:46:46
{"type":8192,"message":"Creation of dynamic property Options_Machine::$Defaults is deprecated","file":"\/home4\/sweetsic\/public_html\/beautygreen\/wp-content\/themes\/flatsome\/inc\/admin\/advanced\/classes\/class.options_machine.php","line":23}

Dec 14 2024 01:46:47
{"type":8192,"message":"Creation of dynamic property Options_Machine::$Defaults is deprecated","file":"\/home4\/sweetsic\/public_html\/beautygreen\/wp-content\/themes\/flatsome\/inc\/admin\/advanced\/classes\/class.options_machine.php","line":23}

Dec 14 2024 01:46:47
{"type":8192,"message":"Creation of dynamic property Options_Machine::$Defaults is deprecated","file":"\/home4\/sweetsic\/public_html\/beautygreen\/wp-content\/themes\/flatsome\/inc\/admin\/advanced\/classes\/class.options_machine.php","line":23}

Dec 14 2024 01:46:48
{"type":8192,"message":"Creation of dynamic property Options_Machine::$Defaults is deprecated","file":"\/home4\/sweetsic\/public_html\/beautygreen\/wp-content\/themes\/flatsome\/inc\/admin\/advanced\/classes\/class.options_machine.php","line":23}

Dec 14 2024 01:46:50
{"type":8192,"message":"Creation of dynamic property Options_Machine::$Defaults is deprecated","file":"\/home4\/sweetsic\/public_html\/beautygreen\/wp-content\/themes\/flatsome\/inc\/admin\/advanced\/classes\/class.options_machine.php","line":23}

Dec 14 2024 01:47:01
{"type":8192,"message":"Creation of dynamic property Options_Machine::$Defaults is deprecated","file":"\/home4\/sweetsic\/public_html\/beautygreen\/wp-content\/themes\/flatsome\/inc\/admin\/advanced\/classes\/class.options_machine.php","line":23}

Dec 14 2024 01:47:03
{"type":8192,"message":"Creation of dynamic property Options_Machine::$Defaults is deprecated","file":"\/home4\/sweetsic\/public_html\/beautygreen\/wp-content\/themes\/flatsome\/inc\/admin\/advanced\/classes\/class.options_machine.php","line":23}

Dec 14 2024 01:47:04
{"type":8192,"message":"Creation of dynamic property Options_Machine::$Defaults is deprecated","file":"\/home4\/sweetsic\/public_html\/beautygreen\/wp-content\/themes\/flatsome\/inc\/admin\/advanced\/classes\/class.options_machine.php","line":23}

Dec 14 2024 01:47:05
{"type":8192,"message":"Creation of dynamic property Options_Machine::$Defaults is deprecated","file":"\/home4\/sweetsic\/public_html\/beautygreen\/wp-content\/themes\/flatsome\/inc\/admin\/advanced\/classes\/class.options_machine.php","line":23}

Dec 14 2024 01:47:06
{"type":8192,"message":"Creation of dynamic property Options_Machine::$Defaults is deprecated","file":"\/home4\/sweetsic\/public_html\/beautygreen\/wp-content\/themes\/flatsome\/inc\/admin\/advanced\/classes\/class.options_machine.php","line":23}

Dec 14 2024 01:47:07
{"type":8192,"message":"Creation of dynamic property Options_Machine::$Defaults is deprecated","file":"\/home4\/sweetsic\/public_html\/beautygreen\/wp-content\/themes\/flatsome\/inc\/admin\/advanced\/classes\/class.options_machine.php","line":23}

Dec 14 2024 01:47:08
{"type":8192,"message":"Creation of dynamic property Options_Machine::$Defaults is deprecated","file":"\/home4\/sweetsic\/public_html\/beautygreen\/wp-content\/themes\/flatsome\/inc\/admin\/advanced\/classes\/class.options_machine.php","line":23}

Dec 14 2024 02:01:51
{"Number":8192,"Message":"explode(): Passing null to parameter #2 ($string) of type string is deprecated","File":"\/home4\/sweetsic\/public_html\/beautygreen\/wp-content\/plugins\/All-In-One-WP-Migration-With-Import-master\/functions.php","Line":338}

Dec 14 2024 02:01:51
{"type":8192,"message":"Creation of dynamic property Options_Machine::$Defaults is deprecated","file":"\/home4\/sweetsic\/public_html\/beautygreen\/wp-content\/themes\/flatsome\/inc\/admin\/advanced\/classes\/class.options_machine.php","line":23}

Dec 14 2024 02:01:51
{"type":8192,"message":"Creation of dynamic property Options_Machine::$Defaults is deprecated","file":"\/home4\/sweetsic\/public_html\/beautygreen\/wp-content\/themes\/flatsome\/inc\/admin\/advanced\/classes\/class.options_machine.php","line":23}

Dec 14 2024 02:01:52
{"type":8192,"message":"Creation of dynamic property Options_Machine::$Defaults is deprecated","file":"\/home4\/sweetsic\/public_html\/beautygreen\/wp-content\/themes\/flatsome\/inc\/admin\/advanced\/classes\/class.options_machine.php","line":23}

Dec 14 2024 02:01:53
{"type":8192,"message":"Creation of dynamic property Options_Machine::$Defaults is deprecated","file":"\/home4\/sweetsic\/public_html\/beautygreen\/wp-content\/themes\/flatsome\/inc\/admin\/advanced\/classes\/class.options_machine.php","line":23}

Dec 14 2024 02:01:54
{"type":8192,"message":"Creation of dynamic property Options_Machine::$Defaults is deprecated","file":"\/home4\/sweetsic\/public_html\/beautygreen\/wp-content\/themes\/flatsome\/inc\/admin\/advanced\/classes\/class.options_machine.php","line":23}

Dec 14 2024 02:01:58
{"type":8192,"message":"Creation of dynamic property Options_Machine::$Defaults is deprecated","file":"\/home4\/sweetsic\/public_html\/beautygreen\/wp-content\/themes\/flatsome\/inc\/admin\/advanced\/classes\/class.options_machine.php","line":23}

Dec 14 2024 02:01:59
{"type":8192,"message":"Creation of dynamic property Options_Machine::$Defaults is deprecated","file":"\/home4\/sweetsic\/public_html\/beautygreen\/wp-content\/themes\/flatsome\/inc\/admin\/advanced\/classes\/class.options_machine.php","line":23}

Dec 14 2024 02:02:00
{"type":8192,"message":"Creation of dynamic property Options_Machine::$Defaults is deprecated","file":"\/home4\/sweetsic\/public_html\/beautygreen\/wp-content\/themes\/flatsome\/inc\/admin\/advanced\/classes\/class.options_machine.php","line":23}

Dec 14 2024 02:02:01
{"type":8192,"message":"Creation of dynamic property Options_Machine::$Defaults is deprecated","file":"\/home4\/sweetsic\/public_html\/beautygreen\/wp-content\/themes\/flatsome\/inc\/admin\/advanced\/classes\/class.options_machine.php","line":23}

Dec 14 2024 02:02:02
{"type":8192,"message":"Creation of dynamic property Options_Machine::$Defaults is deprecated","file":"\/home4\/sweetsic\/public_html\/beautygreen\/wp-content\/themes\/flatsome\/inc\/admin\/advanced\/classes\/class.options_machine.php","line":23}

Dec 14 2024 02:02:03
{"type":8192,"message":"Creation of dynamic property Options_Machine::$Defaults is deprecated","file":"\/home4\/sweetsic\/public_html\/beautygreen\/wp-content\/themes\/flatsome\/inc\/admin\/advanced\/classes\/class.options_machine.php","line":23}

Dec 14 2024 07:01:07
{"Number":8192,"Message":"explode(): Passing null to parameter #2 ($string) of type string is deprecated","File":"\/home4\/sweetsic\/public_html\/beautygreen\/wp-content\/plugins\/All-In-One-WP-Migration-With-Import-master\/functions.php","Line":338}

Dec 14 2024 07:01:07
{"type":8192,"message":"Creation of dynamic property Options_Machine::$Defaults is deprecated","file":"\/home4\/sweetsic\/public_html\/beautygreen\/wp-content\/themes\/flatsome\/inc\/admin\/advanced\/classes\/class.options_machine.php","line":23}

Dec 14 2024 07:01:08
{"type":8192,"message":"Creation of dynamic property Options_Machine::$Defaults is deprecated","file":"\/home4\/sweetsic\/public_html\/beautygreen\/wp-content\/themes\/flatsome\/inc\/admin\/advanced\/classes\/class.options_machine.php","line":23}

Dec 14 2024 07:01:09
{"type":8192,"message":"Creation of dynamic property Options_Machine::$Defaults is deprecated","file":"\/home4\/sweetsic\/public_html\/beautygreen\/wp-content\/themes\/flatsome\/inc\/admin\/advanced\/classes\/class.options_machine.php","line":23}

Dec 14 2024 07:01:10
{"type":8192,"message":"Creation of dynamic property Options_Machine::$Defaults is deprecated","file":"\/home4\/sweetsic\/public_html\/beautygreen\/wp-content\/themes\/flatsome\/inc\/admin\/advanced\/classes\/class.options_machine.php","line":23}

Dec 14 2024 07:01:11
{"type":8192,"message":"Creation of dynamic property Options_Machine::$Defaults is deprecated","file":"\/home4\/sweetsic\/public_html\/beautygreen\/wp-content\/themes\/flatsome\/inc\/admin\/advanced\/classes\/class.options_machine.php","line":23}

Dec 14 2024 07:01:22
{"type":8192,"message":"Creation of dynamic property Options_Machine::$Defaults is deprecated","file":"\/home4\/sweetsic\/public_html\/beautygreen\/wp-content\/themes\/flatsome\/inc\/admin\/advanced\/classes\/class.options_machine.php","line":23}

Dec 14 2024 07:01:23
{"type":8192,"message":"Creation of dynamic property Options_Machine::$Defaults is deprecated","file":"\/home4\/sweetsic\/public_html\/beautygreen\/wp-content\/themes\/flatsome\/inc\/admin\/advanced\/classes\/class.options_machine.php","line":23}

Dec 14 2024 07:01:25
{"type":8192,"message":"Creation of dynamic property Options_Machine::$Defaults is deprecated","file":"\/home4\/sweetsic\/public_html\/beautygreen\/wp-content\/themes\/flatsome\/inc\/admin\/advanced\/classes\/class.options_machine.php","line":23}

Dec 14 2024 07:01:26
{"type":8192,"message":"Creation of dynamic property Options_Machine::$Defaults is deprecated","file":"\/home4\/sweetsic\/public_html\/beautygreen\/wp-content\/themes\/flatsome\/inc\/admin\/advanced\/classes\/class.options_machine.php","line":23}

Dec 14 2024 07:01:27
{"type":8192,"message":"Creation of dynamic property Options_Machine::$Defaults is deprecated","file":"\/home4\/sweetsic\/public_html\/beautygreen\/wp-content\/themes\/flatsome\/inc\/admin\/advanced\/classes\/class.options_machine.php","line":23}

Dec 14 2024 07:01:27
{"type":8192,"message":"Creation of dynamic property Options_Machine::$Defaults is deprecated","file":"\/home4\/sweetsic\/public_html\/beautygreen\/wp-content\/themes\/flatsome\/inc\/admin\/advanced\/classes\/class.options_machine.php","line":23}

Dec 14 2024 08:02:30
{"Number":8192,"Message":"explode(): Passing null to parameter #2 ($string) of type string is deprecated","File":"\/home4\/sweetsic\/public_html\/beautygreen\/wp-content\/plugins\/All-In-One-WP-Migration-With-Import-master\/functions.php","Line":338}

Dec 14 2024 08:02:30
{"type":8192,"message":"Creation of dynamic property Options_Machine::$Defaults is deprecated","file":"\/home4\/sweetsic\/public_html\/beautygreen\/wp-content\/themes\/flatsome\/inc\/admin\/advanced\/classes\/class.options_machine.php","line":23}

Dec 14 2024 08:02:31
{"type":8192,"message":"Creation of dynamic property Options_Machine::$Defaults is deprecated","file":"\/home4\/sweetsic\/public_html\/beautygreen\/wp-content\/themes\/flatsome\/inc\/admin\/advanced\/classes\/class.options_machine.php","line":23}

Dec 14 2024 08:02:31
{"type":8192,"message":"Creation of dynamic property Options_Machine::$Defaults is deprecated","file":"\/home4\/sweetsic\/public_html\/beautygreen\/wp-content\/themes\/flatsome\/inc\/admin\/advanced\/classes\/class.options_machine.php","line":23}

Dec 14 2024 08:02:32
{"type":8192,"message":"Creation of dynamic property Options_Machine::$Defaults is deprecated","file":"\/home4\/sweetsic\/public_html\/beautygreen\/wp-content\/themes\/flatsome\/inc\/admin\/advanced\/classes\/class.options_machine.php","line":23}

Dec 14 2024 08:02:33
{"type":8192,"message":"Creation of dynamic property Options_Machine::$Defaults is deprecated","file":"\/home4\/sweetsic\/public_html\/beautygreen\/wp-content\/themes\/flatsome\/inc\/admin\/advanced\/classes\/class.options_machine.php","line":23}

Dec 14 2024 08:02:44
{"type":8192,"message":"Creation of dynamic property Options_Machine::$Defaults is deprecated","file":"\/home4\/sweetsic\/public_html\/beautygreen\/wp-content\/themes\/flatsome\/inc\/admin\/advanced\/classes\/class.options_machine.php","line":23}

Dec 14 2024 08:02:48
{"type":8192,"message":"Creation of dynamic property Options_Machine::$Defaults is deprecated","file":"\/home4\/sweetsic\/public_html\/beautygreen\/wp-content\/themes\/flatsome\/inc\/admin\/advanced\/classes\/class.options_machine.php","line":23}

Dec 14 2024 08:02:49
{"type":8192,"message":"Creation of dynamic property Options_Machine::$Defaults is deprecated","file":"\/home4\/sweetsic\/public_html\/beautygreen\/wp-content\/themes\/flatsome\/inc\/admin\/advanced\/classes\/class.options_machine.php","line":23}

Dec 14 2024 08:02:50
{"type":8192,"message":"Creation of dynamic property Options_Machine::$Defaults is deprecated","file":"\/home4\/sweetsic\/public_html\/beautygreen\/wp-content\/themes\/flatsome\/inc\/admin\/advanced\/classes\/class.options_machine.php","line":23}

Dec 14 2024 08:02:50
{"type":8192,"message":"Creation of dynamic property Options_Machine::$Defaults is deprecated","file":"\/home4\/sweetsic\/public_html\/beautygreen\/wp-content\/themes\/flatsome\/inc\/admin\/advanced\/classes\/class.options_machine.php","line":23}

Dec 14 2024 08:02:51
{"type":8192,"message":"Creation of dynamic property Options_Machine::$Defaults is deprecated","file":"\/home4\/sweetsic\/public_html\/beautygreen\/wp-content\/themes\/flatsome\/inc\/admin\/advanced\/classes\/class.options_machine.php","line":23}

Dec 14 2024 08:02:52
{"type":8192,"message":"Creation of dynamic property Options_Machine::$Defaults is deprecated","file":"\/home4\/sweetsic\/public_html\/beautygreen\/wp-content\/themes\/flatsome\/inc\/admin\/advanced\/classes\/class.options_machine.php","line":23}

Dec 14 2024 12:23:00
{"Number":8192,"Message":"explode(): Passing null to parameter #2 ($string) of type string is deprecated","File":"\/home4\/sweetsic\/public_html\/beautygreen\/wp-content\/plugins\/All-In-One-WP-Migration-With-Import-master\/functions.php","Line":338}

Dec 14 2024 12:23:00
{"type":8192,"message":"Creation of dynamic property Options_Machine::$Defaults is deprecated","file":"\/home4\/sweetsic\/public_html\/beautygreen\/wp-content\/themes\/flatsome\/inc\/admin\/advanced\/classes\/class.options_machine.php","line":23}

Dec 14 2024 12:23:01
{"type":8192,"message":"Creation of dynamic property Options_Machine::$Defaults is deprecated","file":"\/home4\/sweetsic\/public_html\/beautygreen\/wp-content\/themes\/flatsome\/inc\/admin\/advanced\/classes\/class.options_machine.php","line":23}

Dec 14 2024 12:23:01
{"type":8192,"message":"Creation of dynamic property Options_Machine::$Defaults is deprecated","file":"\/home4\/sweetsic\/public_html\/beautygreen\/wp-content\/themes\/flatsome\/inc\/admin\/advanced\/classes\/class.options_machine.php","line":23}

Dec 14 2024 12:23:02
{"type":8192,"message":"Creation of dynamic property Options_Machine::$Defaults is deprecated","file":"\/home4\/sweetsic\/public_html\/beautygreen\/wp-content\/themes\/flatsome\/inc\/admin\/advanced\/classes\/class.options_machine.php","line":23}

Dec 14 2024 12:23:04
{"type":8192,"message":"Creation of dynamic property Options_Machine::$Defaults is deprecated","file":"\/home4\/sweetsic\/public_html\/beautygreen\/wp-content\/themes\/flatsome\/inc\/admin\/advanced\/classes\/class.options_machine.php","line":23}

Dec 14 2024 12:23:15
{"type":8192,"message":"Creation of dynamic property Options_Machine::$Defaults is deprecated","file":"\/home4\/sweetsic\/public_html\/beautygreen\/wp-content\/themes\/flatsome\/inc\/admin\/advanced\/classes\/class.options_machine.php","line":23}

Dec 14 2024 12:23:16
{"type":8192,"message":"Creation of dynamic property Options_Machine::$Defaults is deprecated","file":"\/home4\/sweetsic\/public_html\/beautygreen\/wp-content\/themes\/flatsome\/inc\/admin\/advanced\/classes\/class.options_machine.php","line":23}

Dec 14 2024 12:23:17
{"type":8192,"message":"Creation of dynamic property Options_Machine::$Defaults is deprecated","file":"\/home4\/sweetsic\/public_html\/beautygreen\/wp-content\/themes\/flatsome\/inc\/admin\/advanced\/classes\/class.options_machine.php","line":23}

Dec 14 2024 12:23:18
{"type":8192,"message":"Creation of dynamic property Options_Machine::$Defaults is deprecated","file":"\/home4\/sweetsic\/public_html\/beautygreen\/wp-content\/themes\/flatsome\/inc\/admin\/advanced\/classes\/class.options_machine.php","line":23}

Dec 14 2024 12:23:18
{"type":8192,"message":"Creation of dynamic property Options_Machine::$Defaults is deprecated","file":"\/home4\/sweetsic\/public_html\/beautygreen\/wp-content\/themes\/flatsome\/inc\/admin\/advanced\/classes\/class.options_machine.php","line":23}

Dec 14 2024 12:23:19
{"type":8192,"message":"Creation of dynamic property Options_Machine::$Defaults is deprecated","file":"\/home4\/sweetsic\/public_html\/beautygreen\/wp-content\/themes\/flatsome\/inc\/admin\/advanced\/classes\/class.options_machine.php","line":23}

Dec 14 2024 12:23:20
{"type":8192,"message":"Creation of dynamic property Options_Machine::$Defaults is deprecated","file":"\/home4\/sweetsic\/public_html\/beautygreen\/wp-content\/themes\/flatsome\/inc\/admin\/advanced\/classes\/class.options_machine.php","line":23}

Feb 13 2026 14:42:11
{"type":8192,"message":"Return type of Ai1wm_Recursive_Newline_Filter::accept() should either be compatible with FilterIterator::accept(): bool, or the #[\\ReturnTypeWillChange] attribute should be used to temporarily suppress the notice","file":"F:\\Laragon\\www\\wp-ngoc\\wp-content\\plugins\\All-In-One-WP-Migration-With-Import-master\\lib\\vendor\\servmask\\filter\\class-ai1wm-recursive-newline-filter.php","line":28}

Feb 13 2026 14:42:12
{"type":8192,"message":"Return type of Ai1wm_Recursive_Newline_Filter::accept() should either be compatible with FilterIterator::accept(): bool, or the #[\\ReturnTypeWillChange] attribute should be used to temporarily suppress the notice","file":"F:\\Laragon\\www\\wp-ngoc\\wp-content\\plugins\\All-In-One-WP-Migration-With-Import-master\\lib\\vendor\\servmask\\filter\\class-ai1wm-recursive-newline-filter.php","line":28}

Feb 13 2026 14:42:12
{"type":8192,"message":"Return type of Ai1wm_Recursive_Newline_Filter::accept() should either be compatible with FilterIterator::accept(): bool, or the #[\\ReturnTypeWillChange] attribute should be used to temporarily suppress the notice","file":"F:\\Laragon\\www\\wp-ngoc\\wp-content\\plugins\\All-In-One-WP-Migration-With-Import-master\\lib\\vendor\\servmask\\filter\\class-ai1wm-recursive-newline-filter.php","line":28}

Feb 13 2026 14:42:12
{"type":8192,"message":"Return type of Ai1wm_Recursive_Newline_Filter::accept() should either be compatible with FilterIterator::accept(): bool, or the #[\\ReturnTypeWillChange] attribute should be used to temporarily suppress the notice","file":"F:\\Laragon\\www\\wp-ngoc\\wp-content\\plugins\\All-In-One-WP-Migration-With-Import-master\\lib\\vendor\\servmask\\filter\\class-ai1wm-recursive-newline-filter.php","line":28}

Feb 13 2026 14:42:12
{"type":8192,"message":"Return type of Ai1wm_Recursive_Newline_Filter::accept() should either be compatible with FilterIterator::accept(): bool, or the #[\\ReturnTypeWillChange] attribute should be used to temporarily suppress the notice","file":"F:\\Laragon\\www\\wp-ngoc\\wp-content\\plugins\\All-In-One-WP-Migration-With-Import-master\\lib\\vendor\\servmask\\filter\\class-ai1wm-recursive-newline-filter.php","line":28}

Feb 13 2026 14:42:13
{"type":8192,"message":"Return type of Ai1wm_Recursive_Newline_Filter::accept() should either be compatible with FilterIterator::accept(): bool, or the #[\\ReturnTypeWillChange] attribute should be used to temporarily suppress the notice","file":"F:\\Laragon\\www\\wp-ngoc\\wp-content\\plugins\\All-In-One-WP-Migration-With-Import-master\\lib\\vendor\\servmask\\filter\\class-ai1wm-recursive-newline-filter.php","line":28}

Feb 13 2026 14:42:13
{"type":8192,"message":"Return type of Ai1wm_Recursive_Newline_Filter::accept() should either be compatible with FilterIterator::accept(): bool, or the #[\\ReturnTypeWillChange] attribute should be used to temporarily suppress the notice","file":"F:\\Laragon\\www\\wp-ngoc\\wp-content\\plugins\\All-In-One-WP-Migration-With-Import-master\\lib\\vendor\\servmask\\filter\\class-ai1wm-recursive-newline-filter.php","line":28}

Feb 13 2026 14:42:14
{"type":8192,"message":"Return type of Ai1wm_Recursive_Newline_Filter::accept() should either be compatible with FilterIterator::accept(): bool, or the #[\\ReturnTypeWillChange] attribute should be used to temporarily suppress the notice","file":"F:\\Laragon\\www\\wp-ngoc\\wp-content\\plugins\\All-In-One-WP-Migration-With-Import-master\\lib\\vendor\\servmask\\filter\\class-ai1wm-recursive-newline-filter.php","line":28}

Feb 13 2026 14:42:14
{"type":8192,"message":"Return type of Ai1wm_Recursive_Newline_Filter::accept() should either be compatible with FilterIterator::accept(): bool, or the #[\\ReturnTypeWillChange] attribute should be used to temporarily suppress the notice","file":"F:\\Laragon\\www\\wp-ngoc\\wp-content\\plugins\\All-In-One-WP-Migration-With-Import-master\\lib\\vendor\\servmask\\filter\\class-ai1wm-recursive-newline-filter.php","line":28}

Feb 13 2026 14:42:14
{"type":8192,"message":"Return type of Ai1wm_Recursive_Newline_Filter::accept() should either be compatible with FilterIterator::accept(): bool, or the #[\\ReturnTypeWillChange] attribute should be used to temporarily suppress the notice","file":"F:\\Laragon\\www\\wp-ngoc\\wp-content\\plugins\\All-In-One-WP-Migration-With-Import-master\\lib\\vendor\\servmask\\filter\\class-ai1wm-recursive-newline-filter.php","line":28}

Feb 13 2026 14:42:15
{"type":8192,"message":"Return type of Ai1wm_Recursive_Newline_Filter::accept() should either be compatible with FilterIterator::accept(): bool, or the #[\\ReturnTypeWillChange] attribute should be used to temporarily suppress the notice","file":"F:\\Laragon\\www\\wp-ngoc\\wp-content\\plugins\\All-In-One-WP-Migration-With-Import-master\\lib\\vendor\\servmask\\filter\\class-ai1wm-recursive-newline-filter.php","line":28}

Feb 13 2026 14:42:15
{"type":8192,"message":"Return type of Ai1wm_Recursive_Newline_Filter::accept() should either be compatible with FilterIterator::accept(): bool, or the #[\\ReturnTypeWillChange] attribute should be used to temporarily suppress the notice","file":"F:\\Laragon\\www\\wp-ngoc\\wp-content\\plugins\\All-In-One-WP-Migration-With-Import-master\\lib\\vendor\\servmask\\filter\\class-ai1wm-recursive-newline-filter.php","line":28}

Feb 13 2026 14:42:15
{"type":8192,"message":"Return type of Ai1wm_Recursive_Newline_Filter::accept() should either be compatible with FilterIterator::accept(): bool, or the #[\\ReturnTypeWillChange] attribute should be used to temporarily suppress the notice","file":"F:\\Laragon\\www\\wp-ngoc\\wp-content\\plugins\\All-In-One-WP-Migration-With-Import-master\\lib\\vendor\\servmask\\filter\\class-ai1wm-recursive-newline-filter.php","line":28}

Feb 13 2026 14:42:15
{"type":8192,"message":"Return type of Ai1wm_Recursive_Newline_Filter::accept() should either be compatible with FilterIterator::accept(): bool, or the #[\\ReturnTypeWillChange] attribute should be used to temporarily suppress the notice","file":"F:\\Laragon\\www\\wp-ngoc\\wp-content\\plugins\\All-In-One-WP-Migration-With-Import-master\\lib\\vendor\\servmask\\filter\\class-ai1wm-recursive-newline-filter.php","line":28}

Feb 13 2026 14:42:17
{"type":8192,"message":"Return type of Ai1wm_Recursive_Newline_Filter::accept() should either be compatible with FilterIterator::accept(): bool, or the #[\\ReturnTypeWillChange] attribute should be used to temporarily suppress the notice","file":"F:\\Laragon\\www\\wp-ngoc\\wp-content\\plugins\\All-In-One-WP-Migration-With-Import-master\\lib\\vendor\\servmask\\filter\\class-ai1wm-recursive-newline-filter.php","line":28}

Feb 13 2026 14:42:17
{"type":8192,"message":"Return type of Ai1wm_Recursive_Newline_Filter::accept() should either be compatible with FilterIterator::accept(): bool, or the #[\\ReturnTypeWillChange] attribute should be used to temporarily suppress the notice","file":"F:\\Laragon\\www\\wp-ngoc\\wp-content\\plugins\\All-In-One-WP-Migration-With-Import-master\\lib\\vendor\\servmask\\filter\\class-ai1wm-recursive-newline-filter.php","line":28}

Feb 13 2026 14:42:17
{"type":8192,"message":"Return type of Ai1wm_Recursive_Newline_Filter::accept() should either be compatible with FilterIterator::accept(): bool, or the #[\\ReturnTypeWillChange] attribute should be used to temporarily suppress the notice","file":"F:\\Laragon\\www\\wp-ngoc\\wp-content\\plugins\\All-In-One-WP-Migration-With-Import-master\\lib\\vendor\\servmask\\filter\\class-ai1wm-recursive-newline-filter.php","line":28}

Feb 13 2026 14:42:17
{"type":8192,"message":"Return type of Ai1wm_Recursive_Newline_Filter::accept() should either be compatible with FilterIterator::accept(): bool, or the #[\\ReturnTypeWillChange] attribute should be used to temporarily suppress the notice","file":"F:\\Laragon\\www\\wp-ngoc\\wp-content\\plugins\\All-In-One-WP-Migration-With-Import-master\\lib\\vendor\\servmask\\filter\\class-ai1wm-recursive-newline-filter.php","line":28}

Feb 13 2026 14:42:17
{"type":8192,"message":"Return type of Ai1wm_Recursive_Newline_Filter::accept() should either be compatible with FilterIterator::accept(): bool, or the #[\\ReturnTypeWillChange] attribute should be used to temporarily suppress the notice","file":"F:\\Laragon\\www\\wp-ngoc\\wp-content\\plugins\\All-In-One-WP-Migration-With-Import-master\\lib\\vendor\\servmask\\filter\\class-ai1wm-recursive-newline-filter.php","line":28}

Feb 13 2026 14:42:18
{"type":8192,"message":"Return type of Ai1wm_Recursive_Newline_Filter::accept() should either be compatible with FilterIterator::accept(): bool, or the #[\\ReturnTypeWillChange] attribute should be used to temporarily suppress the notice","file":"F:\\Laragon\\www\\wp-ngoc\\wp-content\\plugins\\All-In-One-WP-Migration-With-Import-master\\lib\\vendor\\servmask\\filter\\class-ai1wm-recursive-newline-filter.php","line":28}

Feb 13 2026 14:42:18
{"type":8192,"message":"Return type of Ai1wm_Recursive_Newline_Filter::accept() should either be compatible with FilterIterator::accept(): bool, or the #[\\ReturnTypeWillChange] attribute should be used to temporarily suppress the notice","file":"F:\\Laragon\\www\\wp-ngoc\\wp-content\\plugins\\All-In-One-WP-Migration-With-Import-master\\lib\\vendor\\servmask\\filter\\class-ai1wm-recursive-newline-filter.php","line":28}

Feb 13 2026 14:42:18
{"type":8192,"message":"Return type of Ai1wm_Recursive_Newline_Filter::accept() should either be compatible with FilterIterator::accept(): bool, or the #[\\ReturnTypeWillChange] attribute should be used to temporarily suppress the notice","file":"F:\\Laragon\\www\\wp-ngoc\\wp-content\\plugins\\All-In-One-WP-Migration-With-Import-master\\lib\\vendor\\servmask\\filter\\class-ai1wm-recursive-newline-filter.php","line":28}

Feb 13 2026 14:42:18
{"type":8192,"message":"Return type of Ai1wm_Recursive_Newline_Filter::accept() should either be compatible with FilterIterator::accept(): bool, or the #[\\ReturnTypeWillChange] attribute should be used to temporarily suppress the notice","file":"F:\\Laragon\\www\\wp-ngoc\\wp-content\\plugins\\All-In-One-WP-Migration-With-Import-master\\lib\\vendor\\servmask\\filter\\class-ai1wm-recursive-newline-filter.php","line":28}

Feb 13 2026 14:42:19
{"type":8192,"message":"Return type of Ai1wm_Recursive_Newline_Filter::accept() should either be compatible with FilterIterator::accept(): bool, or the #[\\ReturnTypeWillChange] attribute should be used to temporarily suppress the notice","file":"F:\\Laragon\\www\\wp-ngoc\\wp-content\\plugins\\All-In-One-WP-Migration-With-Import-master\\lib\\vendor\\servmask\\filter\\class-ai1wm-recursive-newline-filter.php","line":28}

Feb 13 2026 14:42:19
{"type":8192,"message":"Return type of Ai1wm_Recursive_Newline_Filter::accept() should either be compatible with FilterIterator::accept(): bool, or the #[\\ReturnTypeWillChange] attribute should be used to temporarily suppress the notice","file":"F:\\Laragon\\www\\wp-ngoc\\wp-content\\plugins\\All-In-One-WP-Migration-With-Import-master\\lib\\vendor\\servmask\\filter\\class-ai1wm-recursive-newline-filter.php","line":28}

Feb 13 2026 14:42:19
{"type":8192,"message":"Return type of Ai1wm_Recursive_Newline_Filter::accept() should either be compatible with FilterIterator::accept(): bool, or the #[\\ReturnTypeWillChange] attribute should be used to temporarily suppress the notice","file":"F:\\Laragon\\www\\wp-ngoc\\wp-content\\plugins\\All-In-One-WP-Migration-With-Import-master\\lib\\vendor\\servmask\\filter\\class-ai1wm-recursive-newline-filter.php","line":28}

Feb 13 2026 14:42:19
{"type":8192,"message":"Return type of Ai1wm_Recursive_Newline_Filter::accept() should either be compatible with FilterIterator::accept(): bool, or the #[\\ReturnTypeWillChange] attribute should be used to temporarily suppress the notice","file":"F:\\Laragon\\www\\wp-ngoc\\wp-content\\plugins\\All-In-One-WP-Migration-With-Import-master\\lib\\vendor\\servmask\\filter\\class-ai1wm-recursive-newline-filter.php","line":28}

Feb 13 2026 14:42:21
{"type":8192,"message":"Return type of Ai1wm_Recursive_Newline_Filter::accept() should either be compatible with FilterIterator::accept(): bool, or the #[\\ReturnTypeWillChange] attribute should be used to temporarily suppress the notice","file":"F:\\Laragon\\www\\wp-ngoc\\wp-content\\plugins\\All-In-One-WP-Migration-With-Import-master\\lib\\vendor\\servmask\\filter\\class-ai1wm-recursive-newline-filter.php","line":28}

Feb 13 2026 14:42:21
{"type":8192,"message":"Return type of Ai1wm_Recursive_Newline_Filter::accept() should either be compatible with FilterIterator::accept(): bool, or the #[\\ReturnTypeWillChange] attribute should be used to temporarily suppress the notice","file":"F:\\Laragon\\www\\wp-ngoc\\wp-content\\plugins\\All-In-One-WP-Migration-With-Import-master\\lib\\vendor\\servmask\\filter\\class-ai1wm-recursive-newline-filter.php","line":28}

Feb 13 2026 14:42:21
{"type":8192,"message":"Return type of Ai1wm_Recursive_Newline_Filter::accept() should either be compatible with FilterIterator::accept(): bool, or the #[\\ReturnTypeWillChange] attribute should be used to temporarily suppress the notice","file":"F:\\Laragon\\www\\wp-ngoc\\wp-content\\plugins\\All-In-One-WP-Migration-With-Import-master\\lib\\vendor\\servmask\\filter\\class-ai1wm-recursive-newline-filter.php","line":28}

Feb 13 2026 14:42:22
{"type":8192,"message":"Return type of Ai1wm_Recursive_Newline_Filter::accept() should either be compatible with FilterIterator::accept(): bool, or the #[\\ReturnTypeWillChange] attribute should be used to temporarily suppress the notice","file":"F:\\Laragon\\www\\wp-ngoc\\wp-content\\plugins\\All-In-One-WP-Migration-With-Import-master\\lib\\vendor\\servmask\\filter\\class-ai1wm-recursive-newline-filter.php","line":28}

Feb 13 2026 14:42:22
{"type":8192,"message":"Return type of Ai1wm_Recursive_Newline_Filter::accept() should either be compatible with FilterIterator::accept(): bool, or the #[\\ReturnTypeWillChange] attribute should be used to temporarily suppress the notice","file":"F:\\Laragon\\www\\wp-ngoc\\wp-content\\plugins\\All-In-One-WP-Migration-With-Import-master\\lib\\vendor\\servmask\\filter\\class-ai1wm-recursive-newline-filter.php","line":28}

Feb 13 2026 14:42:25
{"type":8192,"message":"Return type of Ai1wm_Recursive_Newline_Filter::accept() should either be compatible with FilterIterator::accept(): bool, or the #[\\ReturnTypeWillChange] attribute should be used to temporarily suppress the notice","file":"F:\\Laragon\\www\\wp-ngoc\\wp-content\\plugins\\All-In-One-WP-Migration-With-Import-master\\lib\\vendor\\servmask\\filter\\class-ai1wm-recursive-newline-filter.php","line":28}

Feb 13 2026 14:42:25
{"type":8192,"message":"Return type of Ai1wm_Recursive_Newline_Filter::accept() should either be compatible with FilterIterator::accept(): bool, or the #[\\ReturnTypeWillChange] attribute should be used to temporarily suppress the notice","file":"F:\\Laragon\\www\\wp-ngoc\\wp-content\\plugins\\All-In-One-WP-Migration-With-Import-master\\lib\\vendor\\servmask\\filter\\class-ai1wm-recursive-newline-filter.php","line":28}

Feb 13 2026 14:42:25
{"type":8192,"message":"Return type of Ai1wm_Recursive_Newline_Filter::accept() should either be compatible with FilterIterator::accept(): bool, or the #[\\ReturnTypeWillChange] attribute should be used to temporarily suppress the notice","file":"F:\\Laragon\\www\\wp-ngoc\\wp-content\\plugins\\All-In-One-WP-Migration-With-Import-master\\lib\\vendor\\servmask\\filter\\class-ai1wm-recursive-newline-filter.php","line":28}

Feb 13 2026 14:42:26
{"type":8192,"message":"Return type of Ai1wm_Recursive_Newline_Filter::accept() should either be compatible with FilterIterator::accept(): bool, or the #[\\ReturnTypeWillChange] attribute should be used to temporarily suppress the notice","file":"F:\\Laragon\\www\\wp-ngoc\\wp-content\\plugins\\All-In-One-WP-Migration-With-Import-master\\lib\\vendor\\servmask\\filter\\class-ai1wm-recursive-newline-filter.php","line":28}

Feb 13 2026 14:42:27
{"type":8192,"message":"Return type of Ai1wm_Recursive_Newline_Filter::accept() should either be compatible with FilterIterator::accept(): bool, or the #[\\ReturnTypeWillChange] attribute should be used to temporarily suppress the notice","file":"F:\\Laragon\\www\\wp-ngoc\\wp-content\\plugins\\All-In-One-WP-Migration-With-Import-master\\lib\\vendor\\servmask\\filter\\class-ai1wm-recursive-newline-filter.php","line":28}

Feb 13 2026 14:42:27
{"type":8192,"message":"Return type of Ai1wm_Recursive_Newline_Filter::accept() should either be compatible with FilterIterator::accept(): bool, or the #[\\ReturnTypeWillChange] attribute should be used to temporarily suppress the notice","file":"F:\\Laragon\\www\\wp-ngoc\\wp-content\\plugins\\All-In-One-WP-Migration-With-Import-master\\lib\\vendor\\servmask\\filter\\class-ai1wm-recursive-newline-filter.php","line":28}

Feb 13 2026 14:42:27
{"type":8192,"message":"Return type of Ai1wm_Recursive_Newline_Filter::accept() should either be compatible with FilterIterator::accept(): bool, or the #[\\ReturnTypeWillChange] attribute should be used to temporarily suppress the notice","file":"F:\\Laragon\\www\\wp-ngoc\\wp-content\\plugins\\All-In-One-WP-Migration-With-Import-master\\lib\\vendor\\servmask\\filter\\class-ai1wm-recursive-newline-filter.php","line":28}

Feb 13 2026 14:42:27
{"type":8192,"message":"Return type of Ai1wm_Recursive_Newline_Filter::accept() should either be compatible with FilterIterator::accept(): bool, or the #[\\ReturnTypeWillChange] attribute should be used to temporarily suppress the notice","file":"F:\\Laragon\\www\\wp-ngoc\\wp-content\\plugins\\All-In-One-WP-Migration-With-Import-master\\lib\\vendor\\servmask\\filter\\class-ai1wm-recursive-newline-filter.php","line":28}

Feb 13 2026 14:42:28
{"type":8192,"message":"Return type of Ai1wm_Recursive_Newline_Filter::accept() should either be compatible with FilterIterator::accept(): bool, or the #[\\ReturnTypeWillChange] attribute should be used to temporarily suppress the notice","file":"F:\\Laragon\\www\\wp-ngoc\\wp-content\\plugins\\All-In-One-WP-Migration-With-Import-master\\lib\\vendor\\servmask\\filter\\class-ai1wm-recursive-newline-filter.php","line":28}

Feb 13 2026 14:42:28
{"type":8192,"message":"Return type of Ai1wm_Recursive_Newline_Filter::accept() should either be compatible with FilterIterator::accept(): bool, or the #[\\ReturnTypeWillChange] attribute should be used to temporarily suppress the notice","file":"F:\\Laragon\\www\\wp-ngoc\\wp-content\\plugins\\All-In-One-WP-Migration-With-Import-master\\lib\\vendor\\servmask\\filter\\class-ai1wm-recursive-newline-filter.php","line":28}

Feb 13 2026 14:42:29
{"type":8192,"message":"Return type of Ai1wm_Recursive_Newline_Filter::accept() should either be compatible with FilterIterator::accept(): bool, or the #[\\ReturnTypeWillChange] attribute should be used to temporarily suppress the notice","file":"F:\\Laragon\\www\\wp-ngoc\\wp-content\\plugins\\All-In-One-WP-Migration-With-Import-master\\lib\\vendor\\servmask\\filter\\class-ai1wm-recursive-newline-filter.php","line":28}

Feb 13 2026 14:42:29
{"type":8192,"message":"Return type of Ai1wm_Recursive_Newline_Filter::accept() should either be compatible with FilterIterator::accept(): bool, or the #[\\ReturnTypeWillChange] attribute should be used to temporarily suppress the notice","file":"F:\\Laragon\\www\\wp-ngoc\\wp-content\\plugins\\All-In-One-WP-Migration-With-Import-master\\lib\\vendor\\servmask\\filter\\class-ai1wm-recursive-newline-filter.php","line":28}

Feb 13 2026 14:42:29
{"type":8192,"message":"Return type of Ai1wm_Recursive_Newline_Filter::accept() should either be compatible with FilterIterator::accept(): bool, or the #[\\ReturnTypeWillChange] attribute should be used to temporarily suppress the notice","file":"F:\\Laragon\\www\\wp-ngoc\\wp-content\\plugins\\All-In-One-WP-Migration-With-Import-master\\lib\\vendor\\servmask\\filter\\class-ai1wm-recursive-newline-filter.php","line":28}

Feb 13 2026 14:42:30
{"type":8192,"message":"Return type of Ai1wm_Recursive_Newline_Filter::accept() should either be compatible with FilterIterator::accept(): bool, or the #[\\ReturnTypeWillChange] attribute should be used to temporarily suppress the notice","file":"F:\\Laragon\\www\\wp-ngoc\\wp-content\\plugins\\All-In-One-WP-Migration-With-Import-master\\lib\\vendor\\servmask\\filter\\class-ai1wm-recursive-newline-filter.php","line":28}

Feb 13 2026 14:42:30
{"type":8192,"message":"Return type of Ai1wm_Recursive_Newline_Filter::accept() should either be compatible with FilterIterator::accept(): bool, or the #[\\ReturnTypeWillChange] attribute should be used to temporarily suppress the notice","file":"F:\\Laragon\\www\\wp-ngoc\\wp-content\\plugins\\All-In-One-WP-Migration-With-Import-master\\lib\\vendor\\servmask\\filter\\class-ai1wm-recursive-newline-filter.php","line":28}

Feb 13 2026 14:42:30
{"type":8192,"message":"Return type of Ai1wm_Recursive_Newline_Filter::accept() should either be compatible with FilterIterator::accept(): bool, or the #[\\ReturnTypeWillChange] attribute should be used to temporarily suppress the notice","file":"F:\\Laragon\\www\\wp-ngoc\\wp-content\\plugins\\All-In-One-WP-Migration-With-Import-master\\lib\\vendor\\servmask\\filter\\class-ai1wm-recursive-newline-filter.php","line":28}

Feb 13 2026 14:42:30
{"type":8192,"message":"Return type of Ai1wm_Recursive_Newline_Filter::accept() should either be compatible with FilterIterator::accept(): bool, or the #[\\ReturnTypeWillChange] attribute should be used to temporarily suppress the notice","file":"F:\\Laragon\\www\\wp-ngoc\\wp-content\\plugins\\All-In-One-WP-Migration-With-Import-master\\lib\\vendor\\servmask\\filter\\class-ai1wm-recursive-newline-filter.php","line":28}

Feb 13 2026 14:42:31
{"type":8192,"message":"Return type of Ai1wm_Recursive_Newline_Filter::accept() should either be compatible with FilterIterator::accept(): bool, or the #[\\ReturnTypeWillChange] attribute should be used to temporarily suppress the notice","file":"F:\\Laragon\\www\\wp-ngoc\\wp-content\\plugins\\All-In-One-WP-Migration-With-Import-master\\lib\\vendor\\servmask\\filter\\class-ai1wm-recursive-newline-filter.php","line":28}

Feb 13 2026 14:42:31
{"type":8192,"message":"Return type of Ai1wm_Recursive_Newline_Filter::accept() should either be compatible with FilterIterator::accept(): bool, or the #[\\ReturnTypeWillChange] attribute should be used to temporarily suppress the notice","file":"F:\\Laragon\\www\\wp-ngoc\\wp-content\\plugins\\All-In-One-WP-Migration-With-Import-master\\lib\\vendor\\servmask\\filter\\class-ai1wm-recursive-newline-filter.php","line":28}

Feb 13 2026 14:42:32
{"type":8192,"message":"Return type of Ai1wm_Recursive_Newline_Filter::accept() should either be compatible with FilterIterator::accept(): bool, or the #[\\ReturnTypeWillChange] attribute should be used to temporarily suppress the notice","file":"F:\\Laragon\\www\\wp-ngoc\\wp-content\\plugins\\All-In-One-WP-Migration-With-Import-master\\lib\\vendor\\servmask\\filter\\class-ai1wm-recursive-newline-filter.php","line":28}

Feb 13 2026 14:42:32
{"type":8192,"message":"Return type of Ai1wm_Recursive_Newline_Filter::accept() should either be compatible with FilterIterator::accept(): bool, or the #[\\ReturnTypeWillChange] attribute should be used to temporarily suppress the notice","file":"F:\\Laragon\\www\\wp-ngoc\\wp-content\\plugins\\All-In-One-WP-Migration-With-Import-master\\lib\\vendor\\servmask\\filter\\class-ai1wm-recursive-newline-filter.php","line":28}

Feb 13 2026 14:42:33
{"type":8192,"message":"Return type of Ai1wm_Recursive_Newline_Filter::accept() should either be compatible with FilterIterator::accept(): bool, or the #[\\ReturnTypeWillChange] attribute should be used to temporarily suppress the notice","file":"F:\\Laragon\\www\\wp-ngoc\\wp-content\\plugins\\All-In-One-WP-Migration-With-Import-master\\lib\\vendor\\servmask\\filter\\class-ai1wm-recursive-newline-filter.php","line":28}

Feb 13 2026 14:42:33
{"type":8192,"message":"Return type of Ai1wm_Recursive_Newline_Filter::accept() should either be compatible with FilterIterator::accept(): bool, or the #[\\ReturnTypeWillChange] attribute should be used to temporarily suppress the notice","file":"F:\\Laragon\\www\\wp-ngoc\\wp-content\\plugins\\All-In-One-WP-Migration-With-Import-master\\lib\\vendor\\servmask\\filter\\class-ai1wm-recursive-newline-filter.php","line":28}

Feb 13 2026 14:42:33
{"type":8192,"message":"Return type of Ai1wm_Recursive_Newline_Filter::accept() should either be compatible with FilterIterator::accept(): bool, or the #[\\ReturnTypeWillChange] attribute should be used to temporarily suppress the notice","file":"F:\\Laragon\\www\\wp-ngoc\\wp-content\\plugins\\All-In-One-WP-Migration-With-Import-master\\lib\\vendor\\servmask\\filter\\class-ai1wm-recursive-newline-filter.php","line":28}

Feb 13 2026 14:42:33
{"type":8192,"message":"Return type of Ai1wm_Recursive_Newline_Filter::accept() should either be compatible with FilterIterator::accept(): bool, or the #[\\ReturnTypeWillChange] attribute should be used to temporarily suppress the notice","file":"F:\\Laragon\\www\\wp-ngoc\\wp-content\\plugins\\All-In-One-WP-Migration-With-Import-master\\lib\\vendor\\servmask\\filter\\class-ai1wm-recursive-newline-filter.php","line":28}

Feb 13 2026 14:42:34
{"type":8192,"message":"Return type of Ai1wm_Recursive_Newline_Filter::accept() should either be compatible with FilterIterator::accept(): bool, or the #[\\ReturnTypeWillChange] attribute should be used to temporarily suppress the notice","file":"F:\\Laragon\\www\\wp-ngoc\\wp-content\\plugins\\All-In-One-WP-Migration-With-Import-master\\lib\\vendor\\servmask\\filter\\class-ai1wm-recursive-newline-filter.php","line":28}

Feb 13 2026 17:01:21
{"type":8192,"message":"Return type of Ai1wm_Recursive_Newline_Filter::accept() should either be compatible with FilterIterator::accept(): bool, or the #[\\ReturnTypeWillChange] attribute should be used to temporarily suppress the notice","file":"F:\\Laragon\\www\\wp-ngoc\\wp-content\\plugins\\All-In-One-WP-Migration-With-Import-master\\lib\\vendor\\servmask\\filter\\class-ai1wm-recursive-newline-filter.php","line":28}

Feb 13 2026 17:01:21
{"type":8192,"message":"Return type of Ai1wm_Recursive_Newline_Filter::accept() should either be compatible with FilterIterator::accept(): bool, or the #[\\ReturnTypeWillChange] attribute should be used to temporarily suppress the notice","file":"F:\\Laragon\\www\\wp-ngoc\\wp-content\\plugins\\All-In-One-WP-Migration-With-Import-master\\lib\\vendor\\servmask\\filter\\class-ai1wm-recursive-newline-filter.php","line":28}

Feb 13 2026 17:01:33
{"type":8192,"message":"Return type of Ai1wm_Recursive_Newline_Filter::accept() should either be compatible with FilterIterator::accept(): bool, or the #[\\ReturnTypeWillChange] attribute should be used to temporarily suppress the notice","file":"F:\\Laragon\\www\\wp-ngoc\\wp-content\\plugins\\All-In-One-WP-Migration-With-Import-master\\lib\\vendor\\servmask\\filter\\class-ai1wm-recursive-newline-filter.php","line":28}

Feb 13 2026 17:01:43
{"type":8192,"message":"Return type of Ai1wm_Recursive_Newline_Filter::accept() should either be compatible with FilterIterator::accept(): bool, or the #[\\ReturnTypeWillChange] attribute should be used to temporarily suppress the notice","file":"F:\\Laragon\\www\\wp-ngoc\\wp-content\\plugins\\All-In-One-WP-Migration-With-Import-master\\lib\\vendor\\servmask\\filter\\class-ai1wm-recursive-newline-filter.php","line":28}

Feb 13 2026 17:01:53
{"type":8192,"message":"Return type of Ai1wm_Recursive_Newline_Filter::accept() should either be compatible with FilterIterator::accept(): bool, or the #[\\ReturnTypeWillChange] attribute should be used to temporarily suppress the notice","file":"F:\\Laragon\\www\\wp-ngoc\\wp-content\\plugins\\All-In-One-WP-Migration-With-Import-master\\lib\\vendor\\servmask\\filter\\class-ai1wm-recursive-newline-filter.php","line":28}

Feb 13 2026 17:02:00
{"type":8192,"message":"Return type of Ai1wm_Recursive_Newline_Filter::accept() should either be compatible with FilterIterator::accept(): bool, or the #[\\ReturnTypeWillChange] attribute should be used to temporarily suppress the notice","file":"F:\\Laragon\\www\\wp-ngoc\\wp-content\\plugins\\All-In-One-WP-Migration-With-Import-master\\lib\\vendor\\servmask\\filter\\class-ai1wm-recursive-newline-filter.php","line":28}

Feb 13 2026 17:02:01
{"type":8192,"message":"Return type of Ai1wm_Recursive_Newline_Filter::accept() should either be compatible with FilterIterator::accept(): bool, or the #[\\ReturnTypeWillChange] attribute should be used to temporarily suppress the notice","file":"F:\\Laragon\\www\\wp-ngoc\\wp-content\\plugins\\All-In-One-WP-Migration-With-Import-master\\lib\\vendor\\servmask\\filter\\class-ai1wm-recursive-newline-filter.php","line":28}

Feb 13 2026 17:02:01
{"Number":8192,"Message":"rtrim(): Passing null to parameter #1 ($string) of type string is deprecated","File":"F:\\Laragon\\www\\wp-ngoc\\wp-includes\\formatting.php","Line":2837}

Feb 13 2026 17:02:01
{"Number":8192,"Message":"rtrim(): Passing null to parameter #1 ($string) of type string is deprecated","File":"F:\\Laragon\\www\\wp-ngoc\\wp-includes\\formatting.php","Line":2837}

Feb 13 2026 17:02:01
{"Number":8192,"Message":"rtrim(): Passing null to parameter #1 ($string) of type string is deprecated","File":"F:\\Laragon\\www\\wp-ngoc\\wp-includes\\formatting.php","Line":2837}

Feb 13 2026 17:02:01
{"Number":8192,"Message":"rtrim(): Passing null to parameter #1 ($string) of type string is deprecated","File":"F:\\Laragon\\www\\wp-ngoc\\wp-includes\\formatting.php","Line":2837}

Feb 13 2026 17:02:01
{"Number":8192,"Message":"rtrim(): Passing null to parameter #1 ($string) of type string is deprecated","File":"F:\\Laragon\\www\\wp-ngoc\\wp-includes\\formatting.php","Line":2837}

Feb 13 2026 17:02:01
{"Number":8192,"Message":"rtrim(): Passing null to parameter #1 ($string) of type string is deprecated","File":"F:\\Laragon\\www\\wp-ngoc\\wp-includes\\formatting.php","Line":2837}

Feb 13 2026 17:02:01
{"Number":8192,"Message":"rtrim(): Passing null to parameter #1 ($string) of type string is deprecated","File":"F:\\Laragon\\www\\wp-ngoc\\wp-includes\\formatting.php","Line":2837}

Feb 13 2026 17:02:01
{"Number":8192,"Message":"rtrim(): Passing null to parameter #1 ($string) of type string is deprecated","File":"F:\\Laragon\\www\\wp-ngoc\\wp-includes\\formatting.php","Line":2837}

Feb 13 2026 17:02:01
{"Number":8192,"Message":"rtrim(): Passing null to parameter #1 ($string) of type string is deprecated","File":"F:\\Laragon\\www\\wp-ngoc\\wp-includes\\formatting.php","Line":2837}

Feb 13 2026 17:02:01
{"Number":8192,"Message":"rtrim(): Passing null to parameter #1 ($string) of type string is deprecated","File":"F:\\Laragon\\www\\wp-ngoc\\wp-includes\\formatting.php","Line":2837}

Feb 13 2026 17:02:01
{"Number":8192,"Message":"rtrim(): Passing null to parameter #1 ($string) of type string is deprecated","File":"F:\\Laragon\\www\\wp-ngoc\\wp-includes\\formatting.php","Line":2837}

Feb 13 2026 17:02:01
{"Number":8192,"Message":"rtrim(): Passing null to parameter #1 ($string) of type string is deprecated","File":"F:\\Laragon\\www\\wp-ngoc\\wp-includes\\formatting.php","Line":2837}

Feb 13 2026 17:02:01
{"Number":8192,"Message":"rtrim(): Passing null to parameter #1 ($string) of type string is deprecated","File":"F:\\Laragon\\www\\wp-ngoc\\wp-includes\\formatting.php","Line":2837}

Feb 13 2026 17:02:01
{"Number":8192,"Message":"rtrim(): Passing null to parameter #1 ($string) of type string is deprecated","File":"F:\\Laragon\\www\\wp-ngoc\\wp-includes\\formatting.php","Line":2837}

Feb 13 2026 17:02:01
{"Number":8192,"Message":"rtrim(): Passing null to parameter #1 ($string) of type string is deprecated","File":"F:\\Laragon\\www\\wp-ngoc\\wp-includes\\formatting.php","Line":2837}

Feb 13 2026 17:02:01
{"Number":8192,"Message":"rtrim(): Passing null to parameter #1 ($string) of type string is deprecated","File":"F:\\Laragon\\www\\wp-ngoc\\wp-includes\\formatting.php","Line":2837}

Feb 13 2026 17:02:01
{"Number":8192,"Message":"rtrim(): Passing null to parameter #1 ($string) of type string is deprecated","File":"F:\\Laragon\\www\\wp-ngoc\\wp-includes\\formatting.php","Line":2837}

Feb 13 2026 17:02:01
{"Number":8192,"Message":"rtrim(): Passing null to parameter #1 ($string) of type string is deprecated","File":"F:\\Laragon\\www\\wp-ngoc\\wp-includes\\formatting.php","Line":2837}

Feb 13 2026 17:02:01
{"Number":8192,"Message":"rtrim(): Passing null to parameter #1 ($string) of type string is deprecated","File":"F:\\Laragon\\www\\wp-ngoc\\wp-includes\\formatting.php","Line":2837}

Feb 13 2026 17:02:01
{"Number":8192,"Message":"rtrim(): Passing null to parameter #1 ($string) of type string is deprecated","File":"F:\\Laragon\\www\\wp-ngoc\\wp-includes\\formatting.php","Line":2837}

Feb 13 2026 17:02:01
{"Number":8192,"Message":"rtrim(): Passing null to parameter #1 ($string) of type string is deprecated","File":"F:\\Laragon\\www\\wp-ngoc\\wp-includes\\formatting.php","Line":2837}

Feb 13 2026 17:02:01
{"Number":8192,"Message":"rtrim(): Passing null to parameter #1 ($string) of type string is deprecated","File":"F:\\Laragon\\www\\wp-ngoc\\wp-includes\\formatting.php","Line":2837}

Feb 13 2026 17:02:01
{"Number":8192,"Message":"rtrim(): Passing null to parameter #1 ($string) of type string is deprecated","File":"F:\\Laragon\\www\\wp-ngoc\\wp-includes\\formatting.php","Line":2837}

Feb 13 2026 17:02:01
{"Number":8192,"Message":"rtrim(): Passing null to parameter #1 ($string) of type string is deprecated","File":"F:\\Laragon\\www\\wp-ngoc\\wp-includes\\formatting.php","Line":2837}

Feb 13 2026 17:02:01
{"Number":8192,"Message":"Creation of dynamic property Ai1wm_Database_Mysqli::$old_replace_raw_values is deprecated","File":"F:\\Laragon\\www\\wp-ngoc\\wp-content\\plugins\\All-In-One-WP-Migration-With-Import-master\\lib\\vendor\\servmask\\database\\class-ai1wm-database.php","Line":300}

Feb 13 2026 17:02:01
{"Number":8192,"Message":"Creation of dynamic property Ai1wm_Database_Mysqli::$new_replace_raw_values is deprecated","File":"F:\\Laragon\\www\\wp-ngoc\\wp-content\\plugins\\All-In-One-WP-Migration-With-Import-master\\lib\\vendor\\servmask\\database\\class-ai1wm-database.php","Line":321}

Feb 13 2026 17:02:14
{"type":8192,"message":"Return type of Ai1wm_Recursive_Newline_Filter::accept() should either be compatible with FilterIterator::accept(): bool, or the #[\\ReturnTypeWillChange] attribute should be used to temporarily suppress the notice","file":"F:\\Laragon\\www\\wp-ngoc\\wp-content\\plugins\\All-In-One-WP-Migration-With-Import-master\\lib\\vendor\\servmask\\filter\\class-ai1wm-recursive-newline-filter.php","line":28}

Feb 13 2026 17:02:14
{"Number":8192,"Message":"rtrim(): Passing null to parameter #1 ($string) of type string is deprecated","File":"F:\\Laragon\\www\\wp-ngoc\\wp-includes\\formatting.php","Line":2837}

Feb 13 2026 17:02:14
{"Number":8192,"Message":"rtrim(): Passing null to parameter #1 ($string) of type string is deprecated","File":"F:\\Laragon\\www\\wp-ngoc\\wp-includes\\formatting.php","Line":2837}

Feb 13 2026 17:02:14
{"Number":8192,"Message":"rtrim(): Passing null to parameter #1 ($string) of type string is deprecated","File":"F:\\Laragon\\www\\wp-ngoc\\wp-includes\\formatting.php","Line":2837}

Feb 13 2026 17:02:14
{"Number":8192,"Message":"rtrim(): Passing null to parameter #1 ($string) of type string is deprecated","File":"F:\\Laragon\\www\\wp-ngoc\\wp-includes\\formatting.php","Line":2837}

Feb 13 2026 17:02:14
{"Number":8192,"Message":"rtrim(): Passing null to parameter #1 ($string) of type string is deprecated","File":"F:\\Laragon\\www\\wp-ngoc\\wp-includes\\formatting.php","Line":2837}

Feb 13 2026 17:02:14
{"Number":8192,"Message":"rtrim(): Passing null to parameter #1 ($string) of type string is deprecated","File":"F:\\Laragon\\www\\wp-ngoc\\wp-includes\\formatting.php","Line":2837}

Feb 13 2026 17:02:14
{"Number":8192,"Message":"rtrim(): Passing null to parameter #1 ($string) of type string is deprecated","File":"F:\\Laragon\\www\\wp-ngoc\\wp-includes\\formatting.php","Line":2837}

Feb 13 2026 17:02:14
{"Number":8192,"Message":"rtrim(): Passing null to parameter #1 ($string) of type string is deprecated","File":"F:\\Laragon\\www\\wp-ngoc\\wp-includes\\formatting.php","Line":2837}

Feb 13 2026 17:02:14
{"Number":8192,"Message":"rtrim(): Passing null to parameter #1 ($string) of type string is deprecated","File":"F:\\Laragon\\www\\wp-ngoc\\wp-includes\\formatting.php","Line":2837}

Feb 13 2026 17:02:14
{"Number":8192,"Message":"rtrim(): Passing null to parameter #1 ($string) of type string is deprecated","File":"F:\\Laragon\\www\\wp-ngoc\\wp-includes\\formatting.php","Line":2837}

Feb 13 2026 17:02:14
{"Number":8192,"Message":"rtrim(): Passing null to parameter #1 ($string) of type string is deprecated","File":"F:\\Laragon\\www\\wp-ngoc\\wp-includes\\formatting.php","Line":2837}

Feb 13 2026 17:02:14
{"Number":8192,"Message":"rtrim(): Passing null to parameter #1 ($string) of type string is deprecated","File":"F:\\Laragon\\www\\wp-ngoc\\wp-includes\\formatting.php","Line":2837}

Feb 13 2026 17:02:14
{"Number":8192,"Message":"rtrim(): Passing null to parameter #1 ($string) of type string is deprecated","File":"F:\\Laragon\\www\\wp-ngoc\\wp-includes\\formatting.php","Line":2837}

Feb 13 2026 17:02:14
{"Number":8192,"Message":"rtrim(): Passing null to parameter #1 ($string) of type string is deprecated","File":"F:\\Laragon\\www\\wp-ngoc\\wp-includes\\formatting.php","Line":2837}

Feb 13 2026 17:02:14
{"Number":8192,"Message":"rtrim(): Passing null to parameter #1 ($string) of type string is deprecated","File":"F:\\Laragon\\www\\wp-ngoc\\wp-includes\\formatting.php","Line":2837}

Feb 13 2026 17:02:14
{"Number":8192,"Message":"rtrim(): Passing null to parameter #1 ($string) of type string is deprecated","File":"F:\\Laragon\\www\\wp-ngoc\\wp-includes\\formatting.php","Line":2837}

Feb 13 2026 17:02:14
{"Number":8192,"Message":"rtrim(): Passing null to parameter #1 ($string) of type string is deprecated","File":"F:\\Laragon\\www\\wp-ngoc\\wp-includes\\formatting.php","Line":2837}

Feb 13 2026 17:02:14
{"Number":8192,"Message":"rtrim(): Passing null to parameter #1 ($string) of type string is deprecated","File":"F:\\Laragon\\www\\wp-ngoc\\wp-includes\\formatting.php","Line":2837}

Feb 13 2026 17:02:14
{"Number":8192,"Message":"rtrim(): Passing null to parameter #1 ($string) of type string is deprecated","File":"F:\\Laragon\\www\\wp-ngoc\\wp-includes\\formatting.php","Line":2837}

Feb 13 2026 17:02:14
{"Number":8192,"Message":"rtrim(): Passing null to parameter #1 ($string) of type string is deprecated","File":"F:\\Laragon\\www\\wp-ngoc\\wp-includes\\formatting.php","Line":2837}

Feb 13 2026 17:02:14
{"Number":8192,"Message":"rtrim(): Passing null to parameter #1 ($string) of type string is deprecated","File":"F:\\Laragon\\www\\wp-ngoc\\wp-includes\\formatting.php","Line":2837}

Feb 13 2026 17:02:14
{"Number":8192,"Message":"rtrim(): Passing null to parameter #1 ($string) of type string is deprecated","File":"F:\\Laragon\\www\\wp-ngoc\\wp-includes\\formatting.php","Line":2837}

Feb 13 2026 17:02:14
{"Number":8192,"Message":"rtrim(): Passing null to parameter #1 ($string) of type string is deprecated","File":"F:\\Laragon\\www\\wp-ngoc\\wp-includes\\formatting.php","Line":2837}

Feb 13 2026 17:02:14
{"Number":8192,"Message":"rtrim(): Passing null to parameter #1 ($string) of type string is deprecated","File":"F:\\Laragon\\www\\wp-ngoc\\wp-includes\\formatting.php","Line":2837}

Feb 13 2026 17:02:14
{"Number":8192,"Message":"Creation of dynamic property Ai1wm_Database_Mysqli::$old_replace_raw_values is deprecated","File":"F:\\Laragon\\www\\wp-ngoc\\wp-content\\plugins\\All-In-One-WP-Migration-With-Import-master\\lib\\vendor\\servmask\\database\\class-ai1wm-database.php","Line":300}

Feb 13 2026 17:02:14
{"Number":8192,"Message":"Creation of dynamic property Ai1wm_Database_Mysqli::$new_replace_raw_values is deprecated","File":"F:\\Laragon\\www\\wp-ngoc\\wp-content\\plugins\\All-In-One-WP-Migration-With-Import-master\\lib\\vendor\\servmask\\database\\class-ai1wm-database.php","Line":321}

Feb 13 2026 17:02:25
{"type":8192,"message":"Return type of Ai1wm_Recursive_Newline_Filter::accept() should either be compatible with FilterIterator::accept(): bool, or the #[\\ReturnTypeWillChange] attribute should be used to temporarily suppress the notice","file":"F:\\Laragon\\www\\wp-ngoc\\wp-content\\plugins\\All-In-One-WP-Migration-With-Import-master\\lib\\vendor\\servmask\\filter\\class-ai1wm-recursive-newline-filter.php","line":28}

Feb 13 2026 17:02:37
{"type":8192,"message":"Return type of Ai1wm_Recursive_Newline_Filter::accept() should either be compatible with FilterIterator::accept(): bool, or the #[\\ReturnTypeWillChange] attribute should be used to temporarily suppress the notice","file":"F:\\Laragon\\www\\wp-ngoc\\wp-content\\plugins\\All-In-One-WP-Migration-With-Import-master\\lib\\vendor\\servmask\\filter\\class-ai1wm-recursive-newline-filter.php","line":28}

Feb 13 2026 17:02:41
{"type":2,"message":"unlink(F:\\Laragon\\www\\wp-ngoc\/wp-content\/wflogs\/template.0179186001771002159.tmp): No such file or directory","file":"F:\\Laragon\\www\\wp-ngoc\\wp-content\\plugins\\wordfence\\lib\\wordfenceClass.php","line":2255}

